poi_category,poi_lat,poi_lon
school,2.8992491,101.870694
school,2.7514699,101.4427118
school,3.0134749,101.5639427
school,3.0815137,101.509802
school,2.7967315,101.7470063
school,2.7944404,101.7497271
school,2.9933291,101.7945784
school,2.9943954,101.7950449
school,3.2142439,101.5687107
school,2.9460433,101.7494023
school,2.9630473,101.7373318
school,2.9699867,101.7578938
school,3.1532054,101.7542227
school,3.1665327,101.4243785
school,3.16138,101.4214495
school,3.1668496,101.4349713
school,3.0070537,101.7975547
school,3.1523024,101.5923247
school,3.2813274,101.5469817
school,2.9309129,101.8632796
school,2.6762725,101.515089
school,2.6779536,101.5151244
school,3.5979741,101.0715188
school,3.1616332,101.5131968
school,3.1383408,101.7579612
school,3.1030206,101.5281498
school,3.1031546,101.5283389
school,3.1071443,101.5350994
school,3.0980628,101.5361014
school,3.096725,101.5364824
school,3.0238718,101.5820348
school,2.9794592,101.6049783
school,3.0231573,101.6184416
school,3.0472848,101.5869848
school,3.2550943,101.673755
school,3.047158,101.5868962
school,3.047585,101.5874328
school,3.0814359,101.5395384
school,3.0777418,101.6541816
school,3.0744909,101.6427774
school,2.8320026,101.6275627
school,2.8320059,101.6282872
school,2.8354676,101.5987353
school,2.8382461,101.5866071
school,2.8244705,101.6325553
school,2.8386243,101.6446551
school,2.8427325,101.6440314
school,2.8369264,101.6306282
school,2.8511927,101.6715573
school,2.8804619,101.6699877
school,2.8536558,101.6884887
school,3.4221203,101.6300032
school,2.8272156,101.5410581
school,2.9504304,101.4414945
school,2.9242777,101.4363586
school,3.0892555,101.517245
school,3.0732127,101.6303276
school,2.8043339,101.6106055
school,3.081424,101.4985073
school,3.081489,101.4983461
school,2.9910827,101.7935695
school,2.9884667,101.7707008
school,2.9804813,101.7776492
school,3.4666385,101.6447044
school,3.0605167,101.5821669
school,3.5420757,101.6626524
school,3.5417227,101.663498
school,3.5229731,101.6332972
school,3.5670704,101.6580924
school,3.5675657,101.6575211
school,3.5682751,101.657328
school,3.5733147,101.6545265
school,3.4316086,101.5913871
school,2.9608831,101.756331
school,3.692521,100.937556
school,3.769019,100.985301
school,3.0460538,101.586412
school,3.2454891,101.4262139
school,3.0558525,101.395034
school,3.5671792,101.5871711
school,3.5862929,101.5996603
school,3.0467183,101.5908357
school,3.0354089,101.7661721
school,3.680346,100.986595
school,3.1608717,101.7589325
school,2.9260881,101.8493676
school,3.7121838,101.0068788
school,3.0208291,101.7232556
school,2.9333278,101.5482654
school,2.7951698,101.6180288
school,2.6605447,101.6734129
school,2.8273818,101.4455591
school,2.8271501,101.4455511
school,2.8267871,101.4452963
school,2.826696,101.4452949
school,2.8266036,101.4452963
school,2.8272626,101.4456195
school,3.0404134,101.2770674
school,3.0440819,101.6912827
school,3.7606677,101.073597
school,3.728491,101.0733325
school,3.0152327,101.7714264
school,3.0516462,101.7460417
school,3.3504337,101.5859379
school,2.9938878,101.5045791
school,3.1474718,101.7586249
school,3.1527197,101.7703127
school,3.1527952,101.7703575
school,2.9932046,101.4205416
school,2.9846603,101.5315487
school,2.822884,101.5339384
school,2.9426168,101.7895724
school,2.9435223,101.7896282
school,3.0426613,101.424118
school,3.0046219,101.7263603
school,3.2033518,101.4873123
school,3.2473529,101.7263017
school,3.2473493,101.7268319
school,3.1763406,101.5479933
school,3.2355703,101.4285959
school,3.093639,101.6328707
school,3.1762863,101.5463503
school,3.1760849,101.5463272
school,3.2009035,101.485775
school,3.1245112,101.6023693
school,2.9235783,101.651621
school,3.1502535,101.5316361
school,3.0786322,101.6145028
school,3.092563,101.6446296
school,3.0914788,101.6445868
school,3.0921029,101.603145
school,3.1074427,101.6140911
school,3.1943997,101.5957716
school,3.1123078,101.6342439
school,3.2429668,101.4277726
school,3.0919501,101.6445554
school,3.0929725,101.6446228
school,3.1159429,101.6343904
school,3.2402215,101.4273695
school,3.8436688,100.9344136
school,3.1786469,101.5442196
school,3.1645997,101.5138115
school,3.1886698,101.5324655
school,3.1794795,101.5430158
school,3.1785366,101.5438024
school,3.2435034,101.4231711
school,3.1798027,101.5429033
school,3.1777654,101.5437813
school,3.1780389,101.5433594
school,3.1778526,101.5433699
school,3.1776441,101.5433757
school,3.1776617,101.5452057
school,3.2459204,101.4268553
school,3.1864346,101.5252979
school,3.1858171,101.5253064
school,3.8244604,100.8755753
school,2.962566,101.7798124
school,2.9545133,101.7790608
school,2.943895,101.7697461
school,2.9383532,101.7806801
school,3.233207,101.4134067
school,2.9640052,101.7522794
school,2.8859996,101.7897542
school,3.1064247,101.5465644
school,3.1127232,101.5767296
school,3.2411677,101.4469934
school,3.0660324,101.4849147
school,3.1778949,101.5456751
school,2.9020499,101.7627358
school,2.9472653,101.4378121
school,2.9322384,101.4347414
school,3.0134595,101.4471112
school,3.0863517,101.4963765
school,3.0860564,101.49385
school,3.0368679,101.519089
school,3.0371195,101.5173227
school,3.2159818,101.7406243
school,3.3315011,101.5353547
school,3.0836735,101.765665
school,3.0832325,101.5396849
school,3.082798,101.5395666
school,3.0827764,101.5395785
school,3.0925017,101.5440836
school,3.0341259,101.5374303
school,3.0967204,101.6115266
school,2.9837148,101.7914488
school,3.0176808,101.553568
school,3.1147433,101.7557885
school,3.1127403,101.767154
school,3.3098962,101.5438181
school,3.3201226,101.5091158
school,3.3235555,101.5266647
school,3.0032891,101.8714089
school,3.1777482,101.5459855
school,3.047284,101.7578065
school,3.0362183,101.7592449
school,3.0361627,101.7592234
school,3.039276,101.6364111
school,3.1137161109796643,101.76142111771964
school,3.0402734194962324,101.51885470088362
school,3.016772404048228,101.5701752609301
school,3.010641408686851,101.57086264149531
school,3.0025262588278308,101.56836194981904
school,3.0128259662624393,101.56855161918755
school,3.09694161213956,101.4834093558775
school,3.1142487813046795,101.45081245614365
school,3.2013765132050622,101.54573352515997
school,3.047472287078815,101.55469961874236
school,3.0808470278726694,101.60742302873732
school,3.0794735612562913,101.65944959562707
school,3.0804525208112508,101.66051125284913
school,3.1008735354015466,101.60760821364163
school,3.1024417392449015,101.61338391596186
school,3.0888105986636964,101.65825174199266
school,3.0884209814095236,101.65209996282691
school,3.0998999844754227,101.65016626833207
school,3.09557004905659,101.62543015580859
school,3.0981946275612997,101.63124571953122
school,3.1041056132393465,101.62581834837879
school,3.102292560113275,101.62830901032105
school,3.111416849717128,101.64698171301123
school,3.1068429563868167,101.6515544369497
school,3.1077772394119387,101.6515975584228
school,3.130693763982772,101.63115216013188
school,3.1241432638989015,101.626083715997
school,3.1167159812152643,101.62560950668208
school,3.1166743693132513,101.60735109962079
school,3.1233700566910487,101.61619870625097
school,3.1225429309263912,101.61499080717469
school,3.136331127659742,101.62539800099962
school,3.136331127659742,101.62539800099962
school,3.14034976469297,101.62272940064562
school,3.107919810103735,101.64121128174142
school,3.0851146728378995,101.64848735333315
school,3.084653079134935,101.6487504101318
school,3.0900371891473855,101.6495952581745
school,3.243757820972645,101.65595015037322
school,2.8289080633915007,101.70058740015763
school,2.9562046794676125,101.58180954562681
school,2.957335590684406,101.5809838941231
school,3.7087211541455662,101.1335245398477
school,3.684603373727872,101.39015220307898
school,3.6838729386501576,101.38933722170002
school,3.072761975346535,101.5249503990774
school,3.2159837643008458,101.63474222038819
school,3.0280190957750337,101.61427378183876
school,3.0843137256379887,101.51032371730821
school,3.087887182908837,101.50818534601339
school,3.050210025594506,101.50012474084994
school,3.0438982986013903,101.50369992523112
school,3.0480889876686947,101.51524547257624
school,3.0554715826966428,101.54044347909114
school,3.0551711111409454,101.50422570772349
school,3.0773251088394042,101.50756536652308
school,3.083482611590652,101.53860136333086
school,3.0463746084854884,101.42832018064584
school,2.992513051624026,101.44233885976922
school,3.074350728199594,101.56148936255583
school,3.098175443026582,101.61992116781866
school,3.110563360350448,101.6169257950732
school,2.900138061037731,101.8695348535779
school,2.899034101701845,101.86992558872603
school,3.0186521507234314,101.8073890334999
school,3.013111121299982,101.7872066115392
school,3.005724994764256,101.78312985343365
school,3.0485483378768534,101.51635782751134
school,3.0604192227882994,101.5574905884062
school,3.0824689245254793,101.5389711965546
school,3.088240122666956,101.52206706665791
school,3.0532746757757936,101.53301992057933
school,3.051737888421807,101.53354831156825
school,3.058353208712136,101.50397348422382
school,3.191674577597299,101.59226201079333
school,3.1931820082665894,101.59246127220254
school,3.068715752113146,101.58216014180877
school,3.0695348309349333,101.5902253
school,3.064956478310815,101.59003505004333
school,3.069629855659683,101.58816244748837
school,3.0769509808358984,101.583182276073
school,3.0666857246195396,101.57632783053731
school,3.066689834804506,101.57740975306761
school,3.2080638290312438,101.56268722444226
school,3.2069428214347075,101.56172614139847
school,3.1058205542103807,101.60774681284803
school,3.1856119843142894,101.60564289107134
school,3.1878219712976974,101.61636512729996
school,3.185162343702881,101.6042946453049
school,3.0990692752110536,101.6054682043567
school,3.1083406424667133,101.59704166808999
school,3.19431228940482,101.60950045750472
school,3.1959148845907133,101.60744891337642
school,3.191780905558817,101.60544752121216
school,3.1916208279196474,101.60412349316537
school,3.151913518864651,101.61141837674151
school,3.153738603963545,101.61131212539324
school,3.227204805507512,101.5524947673604
school,3.2085781767954615,101.57708311127934
school,2.9447068779272323,101.77970515126006
school,2.9507748418583226,101.7800279344885
school,2.946617267449942,101.77955250363028
school,3.2304213294308686,101.55570775097334
school,3.0016904467682775,101.67717912834092
school,2.996664421399941,101.62275189631485
school,3.0064173684175475,101.71425813660895
school,3.1009772703905893,101.65276668940682
school,3.1007913627935486,101.65363654873772
school,3.1099796376216804,101.6562089691406
school,3.0049124007769232,101.68977028324066
school,3.084971346236218,101.64406655975154
school,3.0976503651941476,101.63657096493787
school,3.0966155625060123,101.63662179508779
school,3.1093944328273593,101.63958293113247
school,3.082933437990509,101.79153461556574
school,3.0819524169496124,101.79099179044837
school,2.6456089696331233,101.721807296396
school,3.2564061892990153,101.52151418019216
school,3.255425015395586,101.52044364890422
school,3.1172931445476166,101.6443552206244
school,3.127444358939582,101.62277411785544
school,3.1391530050418797,101.61125501984588
school,3.1216970122707064,101.63451726155904
school,3.105621344293883,101.64080946507305
school,3.1160917487503843,101.60679442110494
school,3.21439829327677,101.5297547812775
school,3.2297287781164608,101.53555106736776
school,3.1614129282536205,101.75433580018294
school,3.2190434664119807,101.53154052966788
school,3.2533797917701235,101.52424150381039
school,3.2206364184900687,101.62191714040533
school,3.2224850070025486,101.62245110149615
school,3.0783586,101.63138654999999
school,3.078490832845709,101.63036076574873
school,3.0778354730075193,101.63494080912629
school,3.0775300334675935,101.63595739679815
school,3.0777850966605027,101.57358519695525
school,3.0777850966605027,101.57358519695525
school,3.074803574920475,101.59230390567745
school,3.0371226226510055,101.51732135319148
school,3.0378597831739595,101.51631199393454
school,3.04371712868935,101.62591082587066
school,3.027538413675865,101.6221950533504
school,3.0278987272069635,101.62322865051719
school,3.0285217319953053,101.62819432814032
school,3.0403872084931414,101.60945990661916
school,3.063362212826982,101.62332175715224
school,3.0639219983959025,101.62403567027097
school,3.056767939952382,101.62636369845505
school,3.0286954561215076,101.5879521544938
school,3.037919107424608,101.58070426444938
school,3.036453184629864,101.58934198844808
school,3.018774350774771,101.58115822329842
school,3.0374674500000003,101.59202585
school,3.0427843336660185,101.57419505725987
school,3.0427843336660185,101.57419505725987
school,3.044076761365813,101.57435390049802
school,3.044076761365813,101.57435390049802
school,3.0438958542560224,101.59160578455378
school,3.045272059075335,101.59161910243868
school,3.0555925155261776,101.58858300877618
school,3.050261863293568,101.6031781230066
school,3.051747917096745,101.80333186612837
school,3.0529938746864493,101.8019976383884
school,3.051581171447023,101.63586135120582
school,3.0389003327871906,101.64159486181681
school,3.0509283577612076,101.64281473362807
school,3.0555577012292274,101.63523179308369
school,3.0559065902719444,101.63833948331674
school,3.0133387888522396,101.789011634984
school,3.055479982329588,101.64230947354235
school,3.0534557462553473,101.64355524963308
school,3.084084866062554,101.76251291807485
school,3.0779582928475597,101.77188392106741
school,3.077047840017528,101.77810358473772
school,3.2154965145345296,101.57880568730549
school,2.865872274251033,101.67208988244182
school,3.0752731433742535,101.59118071218366
school,3.024331033419079,101.46601700087714
school,3.0778654969754706,101.65231240451891
school,3.01916738131823,101.45210763328437
school,3.0183358481423146,101.45206048748332
school,3.3607233432528956,101.24592601768671
school,3.131142182776126,101.61596192254709
school,3.0545271649863115,101.75474126898544
school,3.0530597324606012,101.75436608404985
school,3.0529719553980224,101.49148991612142
school,2.994514089436766,101.79041587020919
school,3.0093236467019318,101.42953385316439
school,3.004054755687848,101.44048317105468
school,3.0035909866109667,101.4500357864917
school,3.004734309086841,101.450507507108
school,3.0229671102415647,101.44399657669531
school,3.0104648169726813,101.44850339999498
school,3.015068717754448,101.44572441595771
school,3.0251544470125147,101.70071590880748
school,3.027280826001594,101.69801874690607
school,3.141133623898013,101.61439790260903
school,3.14295866121188,101.61446159934424
school,3.1096482664425427,101.5779848183338
school,2.9117957185157057,101.66419110630444
school,3.331210029513044,101.53793875546164
school,3.0530816500000006,101.48970085
school,2.9930985977638094,101.7965759836216
school,2.926866379968812,101.64729054889504
school,2.9192794968231373,101.63846117559596
school,2.9189527793158203,101.63946936621352
school,3.331484435984735,101.5266503687677
school,3.162890597446637,101.40975983270869
school,3.072341131088144,101.50950032727707
school,3.019655517123278,101.24490562881003
school,3.6787303494196464,100.98378537774701
school,2.9372293008229162,101.7505629312565
school,2.9388235932452766,101.74977517286656
school,3.6612774462021167,101.0048147056246
school,3.6619322306694335,101.00545799371388
school,3.661177499851029,101.005964653749
school,2.931964402294157,101.8656308052613
school,2.922898355358288,101.85962272544042
school,2.657227889602011,101.56673558626329
school,2.6434410857141493,101.66062326506636
school,2.6460767961106204,101.72227147717308
school,2.673112812817556,101.55505713749409
school,3.0646502421561848,101.4594703482361
school,3.143416105313854,101.75183967226232
school,3.009317553876009,101.4287263993834
school,3.039831862413007,101.45107366569236
school,3.0381428790244844,101.44489608700079
school,3.0427123523888358,101.44068881950507
school,3.045044256995367,101.44131567550893
school,3.0529767371455385,101.44485123701661
school,3.1883490040572577,101.75837728567059
school,3.153769512126795,101.46095028959988
school,3.2369237087349756,101.64120899431121
school,3.1013371384727897,101.6197797047683
school,2.9811987934554844,101.50759478653201
school,3.02412882917721,101.4873027177464
school,3.212560889560799,101.75249470759385
school,3.2148013260752246,101.75136939795131
school,3.216687772044693,101.7501365034976
school,3.032119758775436,101.52920842660316
school,3.0258223132099955,101.54015290713966
school,3.018314431602754,101.53434711524255
school,2.9972695531037643,101.52766708107711
school,2.9921666908448397,101.52688866348147
school,2.9659025494990314,101.61406348244913
school,2.995028849482236,101.59604881730203
school,2.9652529000000003,101.61196395000003
school,2.9596457664910214,101.38877935710995
school,2.8243255980398096,101.5384534136567
school,3.0546365827598536,101.47279495929429
school,2.8270429111573665,101.7207243031783
school,2.621235783389067,101.71187364160085
school,2.624691642320079,101.71068846088882
school,3.011261067631002,101.48771224506028
school,3.195303019704758,101.56886352308236
school,3.0115976713520265,101.43479234352844
school,3.012303252415534,101.50961679924748
school,3.2978978852213703,101.49240719460737
school,3.419052457044326,101.56864388792349
school,3.15184026123948,101.58118436489082
school,3.3835064170256675,101.3983663091983
school,3.135086713959203,101.38088180712725
school,3.1395555147987255,101.60772659137497
school,3.1693480985575926,101.57948145873003
school,3.1782723103150294,101.57964182439304
school,3.180078703355317,101.5430494634486
school,3.1783956618167495,101.54373640185155
school,3.043997819092295,101.73700789645851
school,3.373463757113912,101.53014873108224
school,3.3731896634720147,101.52884324510103
school,3.573109479702888,101.06608309038391
school,3.389267624319334,101.2219693123676
school,3.63697339559135,101.02367290393084
school,3.6739553382144106,100.97892644293614
school,3.746375671662649,101.05654042308615
school,2.8032320010564904,101.50233877837458
school,2.9729954478659546,101.79536213798981
school,3.6166328521036704,101.05005045963622
school,3.5670068884337067,101.07204256245875
school,3.7165047103251796,101.12612974581486
school,3.010964418395273,101.60664391636186
school,3.1926051038611405,101.583913118804
school,3.132671684243242,101.60397432146097
school,3.056509875316814,101.64884944210239
school,3.0153792548669114,101.72113731998867
school,2.9504565946032146,101.74999077502724
school,2.8102975447969367,101.74099420534556
school,3.1529171652746424,101.76029827924928
school,3.108356839326537,101.53205248890599
school,3.1064522293636263,101.53188348547293
school,3.232921971079437,101.6739312314559
school,3.2364108684560544,101.68204151789462
school,3.240545803736229,101.67282890939305
school,3.1685528286806277,101.57497980386272
school,3.1685528286806277,101.57497980386272
school,3.2086112442233334,101.47835531987211
school,3.210079479809438,101.47832453009305
school,3.0994266990580237,101.52562854731809
school,3.2309045447267604,101.6350727877883
school,3.235656091007218,101.63035595288052
school,3.232607881785997,101.62616881983095
school,3.076362580507421,101.63549768844479
school,2.938692082487451,101.45856772865412
school,2.940703648942895,101.45705270613976
school,2.823291858498515,101.62258114368366
school,3.231090462443207,101.70150481809318
school,2.9479669689430015,101.85216184712988
school,3.0826235544115423,101.63585039501413
school,2.995095227387808,101.79134042702202
school,2.997784385408448,101.78712720041935
school,2.9854419043455405,101.79197895507387
school,2.9838472452268414,101.79180699072475
school,2.9897915767560153,101.78991398789111
school,2.9916184688450134,101.7669729301712
school,2.9837454511341837,101.75279936905903
school,2.9703846851133724,101.77555721319712
school,2.9783131798304456,101.772662870291
school,2.805155394147286,101.6570472981377
school,2.8040904642167725,101.65627405469013
school,3.421340327837945,101.66248167895672
school,3.4682504430426433,101.64485577689966
school,3.465217322068098,101.64715780549858
school,3.4579361433128932,101.6537650794082
school,3.459338610438498,101.65426520005472
school,3.4576387855469783,101.65548785796877
school,3.5622583665257284,101.65539592434065
school,2.6949789940430233,101.75007867417747
school,2.6892089807574235,101.74920882993831
school,3.137859870913262,101.5998110241217
school,3.1396857670404286,101.59554048425234
school,2.9786152568507327,101.48963199453833
school,3.5583397936791914,101.64337541652485
school,3.055204183841305,101.58098812073533
school,3.0549412522867128,101.57526218507199
school,3.0549412522867128,101.57526218507199
school,3.0613359954748627,101.58557175478899
school,3.5007265077474425,101.63684688236431
school,3.501581095608493,101.63522274822544
school,3.164021268043958,101.84794716846514
school,2.780338152130673,101.45989305988614
school,3.0682298701849176,101.4872966934119
school,3.0336834390426044,101.53705541929729
school,3.434563460852603,101.69531266436871
school,3.045106974421937,101.64649881353532
school,2.833231945986043,101.53304112527633
school,2.8307050317433955,101.53580946235608
school,2.8262620246623134,101.53721507462043
school,2.859770967010024,101.67773971067429
school,2.8589147307759677,101.67797171156583
school,2.8552919930872336,101.67936661680424
school,2.864003512122904,101.67287649335914
school,2.8995554792163825,101.7058176523128
school,3.0842267784258683,101.60859753871651
school,3.0219350185170253,101.62864443569413
school,3.200518658480738,101.47208279525073
school,3.208767784899872,101.47070082131384
school,3.0852686608513706,101.61630877546794
school,2.922889048037347,101.71004569604689
school,3.638077239900966,101.5652585935832
school,2.6616315089422664,101.55749909662231
school,2.8424753737484996,101.44036021592721
school,2.823979582735892,101.50129626960455
school,2.8079277324859384,101.49737898231047
school,2.874987298819029,101.49637535757886
school,2.9068329155051122,101.46782424811472
school,3.7248094100437315,101.42889176001557
school,3.742332970212908,101.38404167593258
school,3.738623335821229,101.3808020213887
school,3.732755506710625,101.38407721933714
school,3.5639963017634773,101.4362619086606
school,3.0271210900668164,101.67845623347637
school,3.426357073994261,101.1719322692779
school,3.4006694276849427,101.17294562943239
school,3.260439996825008,101.31130782035076
school,3.3159813603097916,101.41587476242604
school,3.021372294501023,101.57337873836367
school,3.1467834401172126,101.61079710154895
school,3.0878976349242357,101.6211636549809
school,3.2541596205337653,101.66739295959472
school,3.2161171592554845,101.62524677859373
school,3.3232202248562404,101.54939465021818
school,3.318910353543813,101.58206673859063
school,3.2129532805844754,101.43150623183695
school,3.2110170591002882,101.43046682232264
school,3.246440072618689,101.42379295210243
school,3.245434194040229,101.42490803331329
school,3.226206418987289,101.42838589629567
school,3.2261174324997146,101.42630338854556
school,3.234030297856394,101.48517296491208
school,3.1785770404941935,101.45374935906699
school,3.217437357320916,101.61437388368142
school,3.0326051081895384,101.38030123562794
school,3.0305255906593507,101.37976228322584
school,3.028600325999117,101.38135550091944
school,3.063943243214175,101.42494589703577
school,3.0679446469701035,101.41101206252785
school,3.068579444012381,101.40985292414929
school,3.055903866066656,101.4079586606398
school,3.070383812211366,101.44366426474949
school,2.9670836115792074,101.84060818983744
school,3.588690836535989,101.60265475147693
school,3.581568417072446,101.53232487008856
school,3.6386830251413795,101.57235509082312
school,3.634605538954927,101.57014504042624
school,3.636499522742524,101.56493555250331
school,3.0460917836435817,101.74197386110201
school,3.5636786770286912,101.65213226113364
school,3.56282568548827,101.65373370622697
school,3.5480964937828494,101.67604388321504
school,3.0809285459251647,101.58635254046744
school,3.6641431855755826,101.53386721172977
school,3.670453057409103,101.52554015606488
school,3.6720536518842763,101.52230949695326
school,3.156815068262917,101.75971010541882
school,3.3311099874951804,101.52480738921398
school,3.136881444455077,101.76792486034108
school,3.136881444455077,101.76792486034108
school,3.2201059661029743,101.71525875075741
school,3.218702647520252,101.71559851285774
school,3.2156373929160944,101.71183950496798
school,3.211587198901662,101.75538863358763
school,3.0215283960994754,101.79233338083614
school,3.205843573706214,101.7473062480179
school,3.2208050362860607,101.74158842100334
school,3.1483465699962334,101.77245796459361
school,3.147735477460921,101.77439275280331
school,2.9490860773705574,101.84424087984154
school,3.1332818026164935,101.76789513461298
school,3.017531500861221,101.77981124232436
school,3.149272374581465,101.76403288665232
school,3.2253309219451882,101.74705911766368
school,2.9503557520675194,101.8447514050988
school,3.1409172512249506,101.76377677075173
school,3.242616406224166,101.69851836200674
school,3.2432647697098256,101.69831099973163
school,3.2336839333333334,101.69350346666666
school,2.9925586661327634,101.75255706026601
school,3.568380876241651,101.66330386064573
school,2.9267115915174293,101.84874559561595
school,3.287049330777595,101.47339540569709
school,3.286199873089189,101.47514691175293
school,3.003604733309285,101.42619651640084
school,2.9154107870998054,101.86225324713261
school,2.914148743895209,101.86289615568019
school,3.408929627689395,101.66082631652512
school,3.437444169946559,101.65537024342783
school,3.4379470284826232,101.6601094955549
school,3.467259093911661,101.64993477361182
school,3.241283487574511,101.67269023295059
school,3.242346482576151,101.67238399269766
school,3.243547839283716,101.67320822335061
school,3.2072825348562195,101.58129663356239
school,3.0539702241828897,101.52794111598183
school,3.0518099324625068,101.54041861129711
school,3.125520315213989,101.76187367555342
school,3.079566371694275,101.62830766661719
school,3.1466778530162007,101.76151968464963
school,3.1479408579503696,101.76340192326744
school,3.0777996413954387,101.52574973145364
school,3.0479145675412362,101.75093494123489
school,3.126767562460208,101.77289919633333
school,3.1262817284723723,101.77413653433328
school,3.17462423841272,101.58286370283069
school,3.0010196862494367,101.61273412709532
school,3.0625213644990246,101.46243928926782
school,3.061327079509137,101.46325466997232
school,3.046364725551704,101.4424560051975
school,3.204397531498985,101.58672073215189
school,2.8673332157595843,101.87118296674217
school,2.868387781345091,101.87139226389141
school,3.8049607397934495,100.8159627628389
school,3.762663566089692,100.9766453865323
school,3.696649022956112,100.9579375283669
school,3.7922844491615173,100.94907258954929
school,3.7957578214917063,100.95359250130683
school,3.753123389329438,100.95480017179035
school,3.752618534797053,100.95685259535821
school,3.753883134897628,100.95592305606135
school,3.757814020003798,100.92405697361806
school,2.934844350204181,101.55100695108274
school,2.9884057543079483,101.63961220781705
school,3.0066523727853514,101.66141767826451
school,3.0055036368538546,101.66126422671529
school,3.01104995,101.6726755
school,2.943946362069379,101.62157432094422
school,2.9405452792042897,101.62053406860419
school,2.9575838823183176,101.73048070306876
school,3.0105995463333213,101.727813260474
school,3.364202141177176,101.32182321556428
school,2.820142540080371,101.73485312912248
school,2.8262969391722192,101.70515769846024
school,2.953781617492944,101.83979041294106
school,3.129119044851285,101.59746289396944
school,3.1298960582291335,101.59855166494017
school,3.013630388578011,101.53221807075258
school,3.136353172786789,101.60670559601006
school,3.136353172786789,101.60670559601006
school,2.8271587000823155,101.4453539138888
school,2.8272981900777,101.44540285979082
school,2.8272634288621608,101.44561924040866
school,3.0439713575111065,101.64670627091697
school,3.1774517033425207,101.85554695286648
school,2.9396616776814324,101.61097736939979
school,3.109257505939629,101.7646605042889
school,3.063826095792192,101.45836179307116
school,3.0366639842255565,101.45249806216238
school,3.0335728608849024,101.43957247498327
school,3.3477535617791974,101.24394489121025
school,3.0680735128532026,101.44428114849315
school,3.0243892924542757,101.7817350276667
school,3.0244378549233732,101.77960974669178
school,2.983355753383596,101.61032383554422
school,2.9895286610400893,101.61104907075632
school,2.9815441835633156,101.61318641478476
school,3.0409920077592916,101.63064736322845
school,2.9670259864537445,101.79392002678883
school,2.8689934017339564,101.73191840931311
school,2.8700224355656574,101.7327646685614
school,2.9863980590390202,101.76807802644869
school,3.293138565254085,101.73193266533437
school,2.8202918998983426,101.45653974966436
school,3.707306637576817,101.73746468422686
school,3.1707641896291507,101.74359186395934
school,3.170477587285965,101.7422387216516
school,3.0983901280425643,101.40708222994732
school,2.9307125915561105,101.47606380732861
school,2.932192757076874,101.47596581809071
school,2.930252383928193,101.4744893849778
school,2.928364268296167,101.47462195139444
school,2.9732787115088173,101.51789173989168
school,2.988356568383587,101.53396891009518
school,2.9468924664257683,101.52884380479867
school,2.94510172413386,101.52975815211607
school,3.1243429276340233,101.7582275160056
school,3.136989836184316,101.73808981598262
school,3.136989836184316,101.73808981598262
school,3.1608893752044374,101.58716244171015
school,3.2067344910072255,101.74726339209826
school,3.0698683390593686,101.76869676248879
school,3.067101020421508,101.76931718361115
school,3.094070333354581,101.45429077370989
school,3.143435176624981,101.5346750165833
school,3.0132327985243124,101.70939733446396
school,3.0384973392566077,101.45348987992361
school,3.0383511924874718,101.4315156249118
school,3.047478786410014,101.45240815612848
school,3.0066132962087386,101.41252000860561
school,3.011589863884949,101.41974042509996
school,3.0728474563867154,101.41132828174868
school,3.13948453399759,101.37379831801503
school,3.0387309111942504,101.4195438144883
school,3.039607688757799,101.41862434949093
school,3.000296135201501,101.40098384881371
school,3.0010224375450134,101.40191418384299
school,3.0310446193366043,101.47553505565008
school,3.003026903149943,101.50471319955626
school,3.093007158244268,101.38445951759007
school,3.1338486622647936,101.3770130943909
school,3.135109385830053,101.37718554318764
school,3.166462410970154,101.42463747368828
school,3.137404522204594,101.4382941014877
school,3.137404522204594,101.4382941014877
school,2.9320871493437535,101.31935831801029
school,3.1340627213881436,101.34525835027102
school,3.0458268970197717,101.46128870514542
school,3.0169780908514356,101.40982426013142
school,3.005829808619255,101.42293812697558
school,3.0057536892020154,101.42171775883389
school,3.148920935103448,101.32765877242537
school,2.9786612741097733,101.42975680740588
school,2.9642960786748147,101.38546648905611
school,3.137041702796064,101.37141962037465
school,3.137041702796064,101.37141962037465
school,3.137385957683711,101.40828620823824
school,3.137385957683711,101.40828620823824
school,2.9931601766479883,101.42714451846867
school,3.0839650593049504,101.42168050180392
school,3.0830383488253483,101.42216290590717
school,3.02588846418514,101.46321786820684
school,3.0369098585991043,101.42988834738752
school,2.9834551627416315,101.54140200835194
school,2.9849758695824806,101.54108084465207
school,3.1001922757144458,101.38529072600049
school,2.9963437308008287,101.54741962466692
school,2.978113679402918,101.34538365531724
school,3.0114034202613738,101.43702224093222
school,3.0130434858117043,101.436362702486
school,3.2046113113962678,101.43435199161691
school,3.0569879726961546,101.46086943262544
school,3.0325387542449014,101.43815484335721
school,3.031623700032854,101.43763310886297
school,3.030894943632057,101.4385267893671
school,3.031961137364615,101.44013723490919
school,3.0579776684154054,101.45104543729373
school,3.054957057574747,101.44999386345192
school,3.054068952133126,101.44942918209304
school,3.0142181358573574,101.4070433282118
school,3.0090868393187624,101.40829566123774
school,3.0080031664113154,101.40742632457655
school,3.045756279685768,101.46001029894457
school,3.0454700944443993,101.45886477515187
school,3.0448147004823216,101.45772128305694
school,3.0083063264225287,101.40459675393213
school,3.135496408699096,101.43881284108306
school,3.0060988126320067,101.39708805735314
school,2.968389020487244,101.45161627198443
school,3.144699918770502,101.35054637062142
school,3.091504538370385,101.43827437230563
school,3.1598611963690177,101.37757824831812
school,3.050155277917507,101.43888346670758
school,3.056933621364695,101.4532493417913
school,3.1429527643977697,101.37905466042128
school,3.1004009318946038,101.37718007002532
school,2.9962972055029984,101.48238107987211
school,3.0150440203875375,101.41537906031061
school,3.0061976293663784,101.40639312800496
school,2.944861427428767,101.35411755829409
school,3.03430063185363,101.44730997357645
school,3.0389154079199447,101.42843492663033
school,3.0258660901719714,101.46521009767523
school,3.0988718680125173,101.37586368174101
school,3.0240755281618266,101.46494179707115
school,3.01084721005112,101.40951506479308
school,3.1399323188168857,101.440833419297
school,3.027916558639368,101.46890810704393
school,3.046674412988125,101.4376224423161
school,3.0350283198828487,101.45246237946989
school,3.730347087723299,100.92240269166912
school,3.772948084086491,100.88147862554676
school,3.454794274334733,101.13129270732452
school,3.1518277748063857,101.52806153960148
school,3.163477205792965,101.74803438936137
school,3.052714628409728,101.52690939932467
school,2.9076507216572547,101.8518028823903
school,3.00544303709023,101.60001332132879
school,3.0049525743309404,101.6018599049222
school,3.0014972775684576,101.62165259499865
school,3.0001068980521857,101.62201105939418
school,2.995667010037736,101.62464094112669
school,2.996139898901022,101.62393882556508
school,3.0866156999999994,101.6177576
school,3.0650169067349315,101.79265004835308
school,3.243807732214091,101.72319356639971
school,3.248913643183519,101.64142632955732
school,3.1168709854439616,101.81409862815987
school,3.2390180859947857,101.71491441484025
school,3.2384960060635524,101.7173845805592
school,3.676824815552364,100.98085279847923
school,3.206180690966202,101.62447114239315
school,3.294184631327365,101.5519000606691
school,3.4343779999999997,101.23649254999998
school,3.4259808674652685,101.17030114442136
school,3.618802618638239,101.05850517433959
school,2.831750519120406,101.73163506060884
school,2.8292667469945845,101.72791044088417
school,2.8196071287429647,101.73151118655787
school,3.034034116157334,101.78758644797685
school,3.7859528084388243,100.99196642632305
school,2.8698051272234353,101.67955370010057
school,2.8092479535195864,101.49195584513589
school,2.810078720883606,101.49414523655763
school,2.9046688185083753,101.62504241444948
school,2.8355875660878396,101.58754529439537
school,2.8999081897847896,101.77319941482097
school,3.254417727303821,101.6661940220288
school,3.2534595302435756,101.66641446642633
school,3.252224144459174,101.66713366084576
school,3.2528206396319703,101.66811781415014
school,3.374984609654647,101.40672466433166
school,2.9960294742626834,101.79146870511869
school,3.1313862000000006,101.75640565
school,3.0877949282893984,101.55433726911191
school,3.1822063485612606,101.31454825391903
school,3.300418615082525,101.288158855071
school,3.5328892828392706,101.08791061360454
school,3.1268207039016485,101.7619153901393
school,3.0698782552488497,101.61780292297298
school,3.068501941865655,101.61755915222794
school,3.168169257027908,101.6042307487585
school,3.3673623152162184,101.56494956594213
school,3.4161583506179243,101.5871642842338
school,3.414698180720803,101.58539752698341
school,3.408898710447577,101.57305851756452
school,3.3924757508963683,101.52699343147239
school,3.3359441041508076,101.58219984302961
school,3.255823883875654,101.55365954775932
school,3.2086201709762654,101.5411470246554
school,3.2612404766349354,101.552550812305
school,3.2146447470525668,101.57642803364442
school,3.2142373667926636,101.58026876011103
school,3.1794818469772763,101.55003203958057
school,3.2174084744461733,101.51266353709416
school,3.1601781677710967,101.59356047184014
school,3.365921961884179,101.60338546764247
school,3.0060017813645543,101.57839244548596
school,3.0453011837031156,101.76577623835395
school,3.0461568305512348,101.77090575570683
school,3.020455954421585,101.76305504715634
school,3.0199035192285346,101.76201619405897
school,3.0328165814177193,101.75410306914044
school,3.0531977354686357,101.76624409089601
school,3.025232759347263,101.74827693719867
school,3.0612619758368527,101.77009195450096
school,3.066045885120915,101.77438639391077
school,3.064207213430405,101.77396191986914
school,3.1754722578248846,101.57785328325896
school,2.970130840431802,101.75798097516741
school,2.9697566947529657,101.75706192460017
school,2.988466967189927,101.77067058390223
school,3.2549173859414005,101.67415067074475
school,2.9771323895197694,101.43165414642532
school,2.8912074766518163,101.35272936222249
school,2.805606570047383,101.61380331874314
school,2.788918606652596,101.48254529423703
school,3.3175143377168106,101.41774426149124
school,3.310026710060671,101.3071102756421
school,3.0774658481350707,101.51064046083648
school,3.1414051601105566,101.49665912563529
school,3.20868238208173,101.48591371323964
school,3.3675004100744887,101.61170447304119
school,3.2949596265515555,101.5928045280632
school,2.999677101646866,101.5641430811418
school,3.025913411187829,101.56963031921333
school,3.156289614777563,101.5758560980062
school,3.1038879341354777,101.44572138233374
school,3.0939199599586855,101.4574568038135
school,3.0684446000000003,101.63057295000002
school,3.2805730877118258,101.47394156542295
school,3.2815631556464058,101.47324976555406
school,3.1631232516394436,101.51083577525799
school,3.0749463295796793,101.56788680513634
school,3.0220141014077466,101.5922450307405
school,3.0294159064204766,101.58778495844943
school,3.0604923245805975,101.59851422539586
school,3.0318851668248206,101.58171137700313
school,3.0558948807522417,101.57534016117795
school,3.0558948807522417,101.57534016117795
school,3.062082279055605,101.58622208685279
school,3.0763760756653378,101.61854311251645
school,3.079210283265403,101.65492788866432
school,3.063952908930916,101.5588676817734
school,3.0261672079229687,101.72275758826055
school,3.246819273845274,101.48227076251499
school,3.069264969474363,101.59642484309916
school,2.9210571703999517,101.84130473091214
school,3.112011394508752,101.53997129419892
school,3.322202264625249,101.2573212906233
school,3.171993868296498,101.5130830621768
school,3.075960674097803,101.60290331913285
school,3.130446452077018,101.567216673855
school,3.1152511212332907,101.58082409924451
school,3.542170248959725,101.66242847177399
school,3.4931329142807,101.63398395485403
school,3.034724740584488,101.56932398616821
school,3.019625589548023,101.56491436663583
school,3.0201729436868683,101.56583263159993
school,3.021274635415746,101.56656176263833
school,3.6777101375840124,100.99255326980881
school,3.1859766249316848,101.56756642846855
school,2.9634383419397556,101.8035895758961
school,3.445802191880073,101.55237156990304
school,3.4385415607037166,101.55162321810165
school,3.438879176547558,101.5524916878939
school,3.4399503543193495,101.55241224342335
school,3.1024429420438926,101.63217845085505
school,3.0913310491770494,101.55634574247371
school,3.1048559566763454,101.55492535829973
school,3.1059992618823413,101.55678447430665
school,3.153210038890765,101.51908250274386
school,3.1709198286318134,101.50973539232417
school,3.15061469726466,101.50624430666073
school,3.153116879037687,101.51278005863064
school,3.0954086511836363,101.60465718121111
school,3.1056609673972684,101.60680974738358
school,2.998095610578396,101.40148577833334
school,3.277001934203674,101.51150001900547
school,3.2916118292863503,101.64292895041783
school,3.0290084055178297,101.43599099436639
school,3.149326170569058,101.57570468046796
school,3.149326170569058,101.57570468046796
school,3.1000302657160095,101.38348232656801
school,3.131345836530932,101.60835593239254
school,3.425878644909501,101.24664012544181
school,2.926358789215805,101.63019944559402
school,2.8156194477885697,101.73878636738662
school,3.1654520288160155,101.74847576291803
school,3.1706061693846954,101.74490184185426
school,2.999668089294239,101.70102864099994
school,2.9988667076223754,101.70100388373248
school,3.1982107720110244,101.76002938562284
school,3.196611113267655,101.76003836600641
school,3.1993448336456303,101.76095854421912
school,3.201981306013548,101.7578715259531
school,3.4621509505696855,101.63911750552919
school,3.055407794168585,101.44197122332504
school,3.0489077395442754,101.65910986632548
school,3.2046769476674513,101.43267290337843
school,2.842544314409169,101.52398145220818
school,2.8814841825389306,101.50665835764416
school,2.8286756978377237,101.56629965936735
school,3.041854297317293,101.44522034356464
school,2.9808852348493238,101.81268678788317
school,2.982125081879544,101.81400134547545
school,3.7904037000000006,100.83204314999999
school,2.9685971712248826,101.64019000350046
school,2.9697119759764257,101.62644076559518
school,3.346452680624261,101.24442485449747
school,3.343040314769915,101.24302171940403
school,3.125959037495661,101.74614687278971
school,3.402827164473581,101.57003936912464
school,3.4026742325546078,101.56784498906447
school,2.8853781041459285,101.72112649138387
school,3.4036938486541164,101.55569899868192
school,3.403891487325132,101.55446142144253
school,2.9922908856184622,101.87088475338122
school,3.5116595151953165,101.1025962789111
school,2.639470746343634,101.71009713824883
school,2.6390044445635916,101.7114968799881
school,2.671411782557091,101.67739720078315
school,2.6636548646299034,101.67247770438549
school,3.309866547482349,101.5439484284093
school,3.018782663767625,101.78184409687542
school,3.0302874965106947,101.52911142496032
school,3.030713950000001,101.52930400000001
school,3.3110311555624077,101.58309365243291
school,3.3163741648419736,101.56746265582987
school,3.315571626476717,101.56881120283913
school,3.317033345088832,101.56977087446924
school,3.317827942920622,101.56911636340371
school,2.696197447545953,101.74860046685134
school,3.2439006671004935,101.70782366278786
school,3.2431576089335494,101.71016717588783
school,3.313564764440928,101.47032820748883
school,3.3170813310720653,101.4728384502565
school,2.651904757349459,101.58161928089632
school,2.615967528846679,101.69589081879178
school,2.6423938141020833,101.71408028184626
school,2.6396089044425692,101.70841123555658
school,2.9210438277402395,101.62302354337547
school,3.013373260184548,101.71794848159679
school,3.0122311417828227,101.71608767315605
school,2.9884201047099634,101.6214053753301
school,2.9744001472570982,101.72585556758325
school,3.15184972630514,101.53198088298343
school,2.9244622434150336,101.53079182072966
school,3.007080372791405,101.68906741872712
school,3.118771169716398,101.54057619107797
school,3.3043095492473777,101.58973742174388
school,3.0208451628641058,101.72299001734272
school,3.2577824731142497,101.68669164987722
school,3.225172170755923,101.63503316238508
school,3.3691281015383763,101.61420389494037
school,3.3677112749891975,101.615350273283
school,3.111629460985355,101.7500789137485
school,3.525932211025834,101.14093377974554
school,3.5103331810221325,101.10448775963256
school,3.1968186478658756,101.31611511476113
school,3.2088493263493643,101.31803855247273
school,3.2048005172746277,101.3149361909989
school,3.2288142296054136,101.31570746904988
school,3.2372404526966494,101.31301387538336
school,3.239765938858769,101.31643272466086
school,3.225445680340861,101.31810461702275
school,3.221565975895451,101.32024995118974
school,3.0284997997252323,101.74549664058924
school,3.138314503821909,101.62036015017956
school,3.006104424735214,101.6021157109372
school,3.008362808947573,101.60474677900807
school,2.9937545190635717,101.59539927733636
school,2.988385293958745,101.58466019361833
school,2.9904868773859503,101.58331623979865
school,3.0018628402156606,101.58612661086708
school,3.014222665167659,101.59562688719336
school,3.00623446302984,101.71164608207057
school,2.879651412240604,101.49377575903183
school,3.026336168301735,101.62691233622526
school,2.978340590282441,101.63285644338855
school,3.217041915620597,101.5154337033345
school,3.02507797571093,101.51903249831172
school,2.8471376854186934,101.70163619511598
school,2.733961086970056,101.46989342096158
school,2.779775113582372,101.47097480292757
school,2.783778757003956,101.46021309911985
school,2.7515092087369863,101.44249386634793
school,2.7459473702738655,101.4478118692046
school,2.800445883838283,101.44553501793732
school,2.8198382250004226,101.46192783949684
school,2.8458847327912293,101.48138679460452
school,2.8608350192805707,101.43991909031455
school,2.864002998679997,101.4390303792343
school,2.8373181079710728,101.43152366169029
school,2.699534130101012,101.47372949298841
school,2.660492705135711,101.6735645596228
school,3.174327938697886,101.3492456159821
school,3.6799403757827434,100.98656691089673
school,3.6801025584612623,100.98877448741003
school,3.7804469497395203,101.02870982384373
school,3.7477435387281526,101.05654927191
school,3.7443682734863524,101.05586457917674
school,3.728263779818349,101.07388409063007
school,3.7320051039451134,101.44611631436574
school,3.026975219402835,101.76235570578505
school,3.3977546289935936,101.67195473868419
school,2.9725132865151798,101.65740402453635
school,3.2199306394382794,101.63076648758121
school,3.0137148491735806,101.75658949395508
school,3.2272175900490496,101.425185652956
school,3.22740146175854,101.42511273079978
school,3.227912084741922,101.42492933279243
school,2.96474764602835,101.78942661118215
school,2.9646449336597227,101.78812143094459
school,3.244769399496472,101.48054995930215
school,3.2058399826565847,101.43735732861435
school,2.9654617584030887,101.62536612409185
school,3.079355512940493,101.4865765539662
school,3.0724542470186136,101.48588270711295
school,2.823320312931105,101.53351546824824
school,2.8209600160496318,101.5289974097922
school,2.817183966874651,101.69894894724888
school,2.832584969968729,101.68540843060218
school,2.941105628369947,101.74906953528536
school,2.8875072428360435,101.7839332324813
school,2.960245191164936,101.73079505216482
school,2.912717128674451,101.73009743499303
school,2.984140527973198,101.76103179697799
school,2.903182705868719,101.7831289312253
school,2.9151423868805733,101.63757988280229
school,2.9399623284810703,101.76236302122129
school,2.9363237153919517,101.76653021536916
school,2.9461864428097386,101.76969539208821
school,2.946637443156999,101.77106335500335
school,2.9608405924361128,101.78224568786165
school,3.11519532814741,101.74301736695782
school,3.125972403837882,101.75206610668023
school,3.1231235124559014,101.7521263965746
school,2.9115145281097066,101.46964286535383
school,3.0221692650662253,101.25402994395428
school,3.022680352015745,101.25389023760272
school,3.0783751389848812,101.7590785636497
school,2.889884325479237,101.77535805024452
school,3.12405693102729,101.78049810950395
school,3.1244308135125367,101.77915246415759
school,3.1736228213066564,101.75879173570969
school,3.087774698351152,101.79022081519537
school,3.10282534277662,101.8041208457597
school,3.1125357029371865,101.81455591129185
school,3.1179851517665482,101.81679630758516
school,3.1305289691477145,101.75640447321963
school,3.169663097181289,101.7369939553717
school,3.172465037413923,101.7370942621742
school,3.333489164739025,101.41347993266592
school,3.3643779777030907,101.42093698644138
school,3.373775318850646,101.40866119527661
school,3.398904404995612,101.44015131657841
school,3.064613939173749,101.77609665363646
school,3.235747615957804,101.71296346558631
school,3.381147255925852,101.4000879850075
school,2.644841029111156,101.71692735466667
school,3.2473019049884195,101.72632082843329
school,3.247275412350136,101.72679421923235
school,3.1730418816921055,101.31482109287258
school,3.0815171,101.50978194999999
school,3.00500931909426,101.56509079324972
school,3.0061808686257323,101.56498206919909
school,3.1143697737194698,101.45348693873055
school,2.9483687272011654,101.84463855597242
school,3.3078402812218273,101.59844635380145
school,3.313815380028344,101.5824877984876
school,3.3006683842129965,101.58491557334312
school,3.3013332399785877,101.58972040145517
school,3.259635696838601,101.66177842632395
school,3.2088382374054487,101.50258951335779
school,3.3104238147071747,101.47295220569589
school,3.1748615900482915,101.54694794380336
school,3.1535840915443054,101.54386683625924
school,2.9806873116046053,101.77757298572548
school,3.010413582062511,101.41203189623097
school,3.3348903385806787,101.41543442511292
school,3.112603319188493,101.81369661562017
school,3.4076814028695854,101.31871729301169
school,3.1858212815604148,101.50572771466061
school,3.226856804487418,101.36958474108337
school,3.071598229010239,101.76952161287592
school,3.2192191858613377,101.43352589626569
school,3.163579749999999,101.74804815
school,2.9607063130432474,101.83879547061358
school,3.328694900000002,101.2513056
school,3.3555260361394494,101.25218190530663
school,3.447215087395773,101.45987012705261
school,3.3796592221886543,101.4048909626415
school,3.3058198053042585,101.34446663856681
school,3.2920654621636,101.2926915062519
school,3.2109941417681873,101.40117692105424
school,3.2091203576928624,101.3998793459088
school,3.397600142613,101.27607737948861
school,3.3857613360238425,101.26912368325742
school,3.3840794329585657,101.26902801406783
school,3.485349933216636,101.11653323594145
school,3.4820999417084977,101.11894592280329
school,3.469677618118778,101.17248584354441
school,3.4620526489828714,101.13809783773814
school,3.5104452659019163,101.1006675858632
school,3.428487491008464,101.15999846998511
school,3.421183550841858,101.16513126690663
school,3.421765175436175,101.16726552085767
school,3.4198733159736676,101.18646500385026
school,3.362396077467966,101.24430289446917
school,2.992992240928607,101.79494347936144
school,2.994109113151743,101.79517297634304
school,3.0144276884469194,101.44655682491134
school,3.3653495760090935,101.24949130014228
school,3.253754413264212,101.64654155170422
school,2.6778394866694177,101.51521009490904
school,3.3453665650792552,101.24233982196367
school,3.120824359844228,101.7560268692262
school,3.1231363988496685,101.77081872360915
school,3.1375388997318168,101.7857859230231
school,3.1389868806329537,101.78500775844827
school,3.4512851376395957,101.64305637454457
school,3.0040480706206627,101.8701859683397
school,3.117431393554857,101.76651658104046
school,3.4401778758215085,101.19733210016376
school,3.359136552764382,101.3019526742706
school,3.001518141744566,101.79121139898942
school,3.002047592284969,101.79055871497752
school,3.24673878026998,101.72647485931093
school,3.0305771106748964,101.4028218396748
school,3.1678026122208114,101.57434597126002
school,3.1678026122208114,101.57434597126002
school,3.027007650742867,101.5108034789659
school,3.0368203047901003,101.51912422044533
school,3.237156377783011,101.6488207582743
school,3.1743838166351384,101.73294110072803
school,2.902507404056736,101.63158726639155
school,2.8792617945189782,101.81197851019617
school,3.1148600291347526,101.58710867334776
school,2.950842597669739,101.84395836121841
school,3.1353960843364033,101.61335281839487
school,3.114684152557712,101.5801566059552
school,3.341302127823979,101.24325950754117
school,3.278103596211083,101.54509710568533
school,3.243631500420406,101.54149871025751
school,3.2315613547212965,101.69514706072223
school,3.2676333337697434,101.459090709663
school,3.430903129042768,101.4688031487341
school,3.2712420807175593,101.35237935784389
school,3.0556040579929475,101.58846648922288
school,3.2592842268302222,101.68687065483971
school,3.220366393126806,101.50306226473322
school,3.2819188226443896,101.37528053874678
school,3.28136,101.37639675000001
school,3.2244515908919964,101.71917690701926
school,2.8892187381799594,101.55032230637825
school,2.887006624982971,101.55165138196072
school,3.3881123801154436,101.22320733347662
school,3.4132674491663164,101.28207463122824
school,3.1747136105084794,101.54676362666427
school,2.9560369852756185,101.57650311024106
school,2.9695541230008624,101.82266057263257
school,2.9727231549219466,101.82440418021062
school,3.344878079761957,101.36616471658388
school,3.380028905032503,101.40414210280478
school,3.2381719601847507,101.64588411576815
school,2.949025273460859,101.61995160741843
school,3.592355092676571,101.60919357899999
school,3.17943409818435,101.54148280909587
school,3.2118808685010376,101.87112072751756
school,2.9113328999999997,101.40048014999996
school,3.3102003436425176,101.39315773866595
school,2.97309320310043,101.79405860029233
school,2.874715305578912,101.87064553345171
school,3.2980111777692076,101.29127612600767
school,3.5621088150049443,101.10612793222424
school,3.562816404505987,101.10564251068344
school,3.5924786871029277,101.09550282228548
school,3.620331364606479,101.08568486701493
school,3.6253105148440703,101.05307844536738
school,3.6255621253823436,101.0531325963095
school,3.661549781360912,101.0497270379128
school,3.6444597163158226,101.02537650121026
school,3.727613708392136,100.97864385226995
school,3.766722236930683,100.97580499214412
school,3.8412657475187872,100.89892462794188
school,3.8425603068889758,100.89480453219576
school,3.8127170359464877,100.89842064468516
school,3.77918711063593,100.88261595317579
school,3.7766174129060786,100.88280626864783
school,3.7912749848790983,100.85462224098455
school,3.815654725283603,100.84366020052688
school,3.8040915999999996,100.8454561
school,3.8042721365105274,100.84620432510276
school,3.823766134410555,100.88033807553813
school,3.835096797244902,100.84400828381712
school,3.798016045624459,100.82870344268629
school,3.164625810860899,101.7402131712536
school,3.4107998647337903,101.60111551182572
school,2.94110649935669,101.377137617389
school,2.9842415816882384,101.74487225653843
school,3.36202573065409,101.30780020727812
school,3.034228793518802,101.77165795098198
school,3.1484628097554372,101.74956165855922
school,3.140356976345025,101.74375880383566
school,3.616041759511916,101.42560779259902
school,3.6186859459091036,101.42222377803596
school,3.6198865838443277,101.425367822234
school,3.6194073917355425,101.42554563421396
school,2.751280696464957,101.73827924263081
school,3.061514735586241,101.75817429836827
school,2.858138144898172,101.44067951894051
school,2.8457279973248717,101.46066990366971
school,3.083162742949252,101.63269563147443
school,3.073088167185742,101.78214306406632
school,3.139417216954939,101.83627752633492
school,3.15063323257275,101.8384763679095
school,3.1658098964760466,101.88390716937137
school,3.102504203140736,101.80151233533647
school,3.1689118208255693,101.8509348936402
school,3.051058600334772,101.52311931245488
school,3.049170944513763,101.52014267297601
school,3.197108329133816,101.52828490016262
school,2.868913541602437,101.84551922032723
school,2.872009331337519,101.84508111333764
school,2.904829127802706,101.78461859570274
school,3.2190457500000007,101.56323905000002
school,3.0709607534050765,101.48671626037024
school,2.8921588346228972,101.762263555457
school,3.273807692146147,101.51316421474488
school,3.3301973547332664,101.52562572414348
school,3.3304936236762,101.52662355973034
school,3.2211344564285467,101.74020255008465
school,3.737488617699245,101.44507739819481
school,3.73870040017424,101.44408829661798
school,3.3322425818373382,101.27114975007629
school,3.35688942643356,101.32535856842138
school,3.1553081780099768,101.77716860095691
school,3.1561013185929276,101.77574199545954
school,3.1520267724132487,101.7704255193713
school,3.2276849287597984,101.69718707641599
school,3.248803317966622,101.66446229616311
school,3.0615131558138327,101.50684866053349
school,3.0337048025546953,101.53707518594403
school,3.08245648075983,101.49497430698021
school,3.3217423011539613,101.5372184992483
school,3.1250054709509927,101.74943662019993
school,2.9394602293558263,101.5656043813324
hospital,2.9956053,101.7880498
hospital,3.2094294,101.5621032
hospital,3.1084355,101.5953209
hospital,3.1846292,101.6077901
hospital,3.144605,101.4804334
hospital,3.1516563,101.5330745
hospital,3.0056942,101.4829892
hospital,3.0342092,101.4384398
hospital,3.0263859,101.4263106
hospital,3.047626,101.5873808
hospital,2.822678,101.5313989
hospital,3.0679973,101.4895388
hospital,3.0733684,101.4898829
hospital,3.0828727,101.5398691
hospital,2.9915544,101.7084232
hospital,2.974408,101.6780977
hospital,2.9609029,101.7539895
hospital,3.0749513,101.4860038
hospital,3.0749709,101.4965896
hospital,3.0745485,101.4860782
hospital,3.1207308,101.5896108
hospital,3.0831267,101.5396692
hospital,3.0811837,101.5397007
hospital,3.0829979,101.5396287
hospital,3.0829651,101.5398981
hospital,3.0816699,101.5399581
hospital,3.0681973,101.4906262
hospital,3.0686247,101.4904761
hospital,3.0684968,101.4904862
hospital,3.0685104,101.4905075
hospital,3.220412735769595,101.5847837481225
hospital,3.3441035610585637,101.25706024472953
hospital,3.093426424648774,101.64532193275842
hospital,3.1372908404927498,101.62776313678827
hospital,3.0915227458846997,101.6379606611403
hospital,3.243110299133343,101.64708895007216
hospital,3.2448194799252184,101.6505586978794
hospital,3.1129917494066848,101.63344855206128
hospital,3.1182706796944237,101.63772182770568
hospital,3.049134381140677,101.53517401734341
hospital,3.057499448775216,101.54099610861867
hospital,3.1061371131196918,101.63998927260421
hospital,3.0792323299563193,101.59382160646085
hospital,3.115484185313287,101.64054281492047
hospital,3.1600211574827233,101.75174058154285
hospital,2.9207316314779277,101.63136341546561
hospital,2.999910038091333,101.78587710316583
hospital,3.024555865467566,101.61572792077777
hospital,3.024031443877625,101.62251906438048
hospital,3.066187828032556,101.6084102429938
hospital,3.021044166628336,101.43940822813666
hospital,2.8033525950230604,101.4924681422651
hospital,3.1489488394398473,101.57856234344932
hospital,3.03964834478664,101.79511773178075
hospital,3.0100947524639228,101.43170122261922
hospital,3.040415384564155,101.44556118101606
hospital,3.2928374638939717,101.73093497505347
hospital,3.0714520820923124,101.52372306331942
hospital,2.9938653917451075,101.79277816466193
hospital,3.565384024310328,101.65289237854654
hospital,3.320780816430071,101.57902956617853
hospital,3.128121872560601,101.7639514486273
hospital,3.062315042648007,101.46330137216098
hospital,3.110077191854802,101.45273150680254
hospital,3.0768742974003964,101.55311960062218
hospital,3.0859221866413478,101.44659040012593
hospital,3.396081262174751,101.21702619981295
hospital,3.031404954429165,101.76262632546447
hospital,2.9854137240474583,101.6660984226978
hospital,3.2221891320271863,101.59146919034299
hospital,3.070755341222041,101.4898495612076
hospital,2.9599370499999997,101.75419504999998
hospital,2.9602320036128136,101.75365371325363
hospital,2.9970534897694714,101.5288649417566
hospital,3.071671443587018,101.52103626075962
hospital,3.1616408256225172,101.73967532068191
hospital,3.1277625529050157,101.75223803976547
hospital,3.150164946904806,101.59640643293677
hospital,3.2098570370329247,101.45098171416322
hospital,2.976746623213231,101.7205201336094
hospital,2.980383710132537,101.71805848264286
hospital,3.037441,101.52033114999999
hospital,3.032659828624942,101.53725697571873
hospital,2.953375424092323,101.577202513116
hospital,3.02880261809899,101.44071395003894
hospital,3.067031225223646,101.48921159724271
hospital,3.0649419745675908,101.48894055266597
hospital,3.069436621588714,101.4894841336851
hospital,3.0679540304650765,101.48982987442793
hospital,3.1145965976851246,101.56494449876573
hospital,2.9930417329413386,101.79835764666177
hospital,3.3173262624495607,101.53421869036681
clinic,2.9745475,101.8285914
clinic,3.0374837,101.5512356
clinic,3.0473734,101.527239
clinic,3.0643589,101.5392495
clinic,3.0641479,101.5384802
clinic,3.0672474,101.5616976
clinic,3.0742928,101.5619127
clinic,3.0828822,101.5398732
clinic,3.083099,101.5399263
clinic,2.992228,101.791313
clinic,3.2109854,101.5647612
clinic,2.9897608,101.8003072
clinic,3.0863315,101.6625546
clinic,3.0869217,101.663206
clinic,3.0869249,101.6486273
clinic,3.0951752,101.6513457
clinic,3.1010727,101.6410061
clinic,3.1103061,101.6356824
clinic,3.0986965,101.6461983
clinic,3.0861716,101.646799
clinic,3.014665,101.4407687
clinic,3.0667135,101.4894824
clinic,3.0635404,101.6479645
clinic,3.0638902,101.6482914
clinic,3.0640209,101.648413
clinic,3.0863436,101.6473668
clinic,3.2192224,101.5823132
clinic,3.3201567,101.5752313
clinic,3.3210939,101.5748799
clinic,3.1442756,101.4819676
clinic,3.0973392,101.6112042
clinic,3.0968906,101.6128991
clinic,3.1503963,101.5431101
clinic,3.0221852,101.6993595
clinic,3.2294775,101.4262624
clinic,3.2293703,101.426406
clinic,3.116009,101.5905078
clinic,2.9493777,101.7688908
clinic,3.045601,101.7397869
clinic,3.2384677,101.5372372
clinic,3.1461758,101.7562817
clinic,2.9012168,101.8122457
clinic,2.9318011,101.8572838
clinic,2.6658478,101.5512736
clinic,3.1717085,101.7509899
clinic,3.3400943,101.2494862
clinic,3.0033855,101.5386907
clinic,3.006666,101.5362553
clinic,3.005002,101.5370072
clinic,3.0049328,101.5371779
clinic,3.0051444,101.5355314
clinic,3.0039503,101.5374615
clinic,3.003228,101.5374159
clinic,3.0035108,101.5371668
clinic,2.9998699,101.5254901
clinic,3.0161146,101.5141147
clinic,3.0059844,101.483094
clinic,3.0253533,101.5430821
clinic,3.1487007,101.7442401
clinic,2.7845415,101.7508763
clinic,3.0415096,101.7916188
clinic,3.0404098,101.4345597
clinic,3.0285805,101.4282599
clinic,3.0289008,101.4287474
clinic,3.0268098,101.4278826
clinic,3.0258451,101.4284226
clinic,3.0270485,101.4285123
clinic,3.1682788,101.5326197
clinic,3.0303971,101.5728153
clinic,3.1030929,101.5283724
clinic,3.0085552,101.7376791
clinic,3.1114316,101.5861374
clinic,2.9847138,101.6185752
clinic,3.1462569,101.7515375
clinic,3.0469665,101.5903702
clinic,3.0468526,101.5900833
clinic,3.1113073,101.5864309
clinic,3.3283557,101.528023
clinic,3.3283392,101.5280961
clinic,3.0466709,101.6213499
clinic,3.0752359,101.6501806
clinic,3.0803184,101.637045
clinic,3.0800054,101.6370113
clinic,3.0801324,101.6370237
clinic,3.0462394,101.7394035
clinic,3.1126227,101.8160634
clinic,3.0748249,101.6355485
clinic,3.0750606,101.6512626
clinic,3.075026,101.6460107
clinic,3.0749079,101.6460139
clinic,3.0626719,101.6472112
clinic,3.04924,101.6469666
clinic,3.0258856,101.4806693
clinic,3.0862488,101.647828
clinic,3.0873725,101.6477263
clinic,3.0821828,101.6410233
clinic,3.0828596,101.6373142
clinic,3.0733937,101.6486677
clinic,3.0788988,101.6507021
clinic,2.8302333,101.6163785
clinic,2.8270129,101.6206626
clinic,2.8267359,101.6323121
clinic,3.1026825,101.5995926
clinic,3.1031187,101.5998554
clinic,3.1056573,101.5999166
clinic,3.0885705,101.615454
clinic,3.0885138,101.6175194
clinic,3.0866639,101.6212062
clinic,3.086633,101.6213954
clinic,3.0863181,101.6205375
clinic,3.0860955,101.6207695
clinic,2.856593,101.6805083
clinic,2.8576323,101.6801727
clinic,2.8593146,101.6818113
clinic,2.8598503,101.681792
clinic,2.8644492,101.6753071
clinic,2.8649704,101.6748198
clinic,2.8652683,101.6734425
clinic,2.879053,101.6657216
clinic,3.0885407,101.6530981
clinic,3.0997058,101.6464128
clinic,3.0999003,101.6462301
clinic,3.0999442,101.6461884
clinic,3.1004049,101.6413744
clinic,2.8224747,101.5309397
clinic,2.9414987,101.4562808
clinic,2.9259291,101.4753433
clinic,2.9142971,101.4747043
clinic,2.9122373,101.4877286
clinic,3.074268,101.6151835
clinic,3.0893445,101.5161386
clinic,3.0907785,101.5089859
clinic,3.0638081,101.6481369
clinic,3.0664694,101.6498931
clinic,3.0647236,101.6376486
clinic,3.0654471,101.6376685
clinic,3.058825,101.6406948
clinic,3.0604113,101.6408063
clinic,3.074243,101.6355601
clinic,3.0778421,101.6238863
clinic,3.078304,101.6250689
clinic,3.1101888,101.6358509
clinic,3.1116323,101.6338763
clinic,3.110993,101.6339192
clinic,3.1112241,101.6343804
clinic,3.0887171,101.6120428
clinic,3.0817728,101.5273434
clinic,3.0817129,101.5273818
clinic,3.0829583,101.6281063
clinic,2.9853933,101.780474
clinic,2.9957311,101.788434
clinic,2.99563,101.7883053
clinic,2.9905101,101.7672725
clinic,2.9773645,101.7947956
clinic,2.9773868,101.7953035
clinic,2.9676167,101.7753694
clinic,2.9794108,101.7712385
clinic,2.9783989,101.77268
clinic,2.9785156,101.7732888
clinic,3.4674551,101.6441089
clinic,3.4583647,101.6611023
clinic,2.6914672,101.7515498
clinic,2.9999228,101.5325652
clinic,3.0437551,101.6037056
clinic,2.985922,101.7803436
clinic,3.004326,101.5352026
clinic,3.2351258,101.4276629
clinic,3.1006571,101.4448729
clinic,3.588819,101.601607
clinic,3.1154754,101.6138528
clinic,3.0655425,101.577294
clinic,3.0506773,101.5377949
clinic,3.2388905,101.7002584
clinic,3.2354448,101.6983262
clinic,3.2354391,101.6977365
clinic,2.9431266,101.7460359
clinic,3.1435644,101.7765359
clinic,2.9149304,101.8623512
clinic,2.9305483,101.85801
clinic,3.1992386,101.5933884
clinic,3.1392825,101.7729684
clinic,2.9891296,101.7908205
clinic,3.1445762,101.4813191
clinic,2.9332609,101.5481191
clinic,3.0037418,101.5389758
clinic,2.9390066,101.7424937
clinic,3.0062344,101.5375608
clinic,3.3219362,101.2668924
clinic,3.3204019,101.2682444
clinic,3.7675064,100.9819377
clinic,2.8182599,101.6942121
clinic,2.8184417,101.694147
clinic,2.8185737,101.6941459
clinic,2.8207354,101.6941585
clinic,3.2107937,101.7513707
clinic,2.8133385,101.5053495
clinic,3.0894138,101.6208127
clinic,3.2381597,101.6998613
clinic,3.1428566,101.8371615
clinic,3.0705945,101.4123749
clinic,3.1014406,101.6060311
clinic,3.0692152,101.4117563
clinic,3.0428201,101.7065186
clinic,3.0408522,101.7073897
clinic,3.0473623,101.6445293
clinic,3.054642,101.7438513
clinic,3.0468349,101.7410014
clinic,3.0459554,101.74068
clinic,3.0454761,101.7404818
clinic,3.046066,101.7403669
clinic,3.2179251,101.714037
clinic,3.2180696,101.714617
clinic,3.2383499,101.6525209
clinic,3.2389985,101.6501075
clinic,3.2236772,101.63801
clinic,2.8091679,101.4968187
clinic,3.2373644,101.6998486
clinic,3.2351343,101.6982018
clinic,3.3765536,101.4096732
clinic,2.9259204,101.7780985
clinic,3.1513945,101.5925402
clinic,2.9439499,101.5421829
clinic,3.1206102,101.7628559
clinic,3.0781943,101.6085512
clinic,3.038936,101.7691959
clinic,3.136981,101.3741726
clinic,2.9955457,101.4458261
clinic,2.9967338,101.4452809
clinic,3.0072477,101.4358351
clinic,3.0231315,101.7757599
clinic,3.1504941,101.593717
clinic,3.0050705,101.3982033
clinic,3.0064837,101.5367185
clinic,3.2088503,101.7500498
clinic,3.3151175,101.5957945
clinic,3.3079886,101.5859095
clinic,3.0652642,101.451907
clinic,3.0509556,101.4474438
clinic,3.0502682,101.451537
clinic,3.314201,101.4100343
clinic,3.4238057,101.6281633
clinic,3.4172578,101.5774282
clinic,3.402577,101.5575913
clinic,3.3224355,101.5766649
clinic,3.3221342,101.5768379
clinic,3.1585937,101.5736809
clinic,3.1584973,101.5738741
clinic,2.9974783,101.4437014
clinic,3.1305397,101.4404921
clinic,3.0623121,101.5675912
clinic,3.3281355,101.5269519
clinic,3.1136531,101.6026831
clinic,3.2322513,101.4252047
clinic,3.1571081,101.5713975
clinic,3.1534653,101.7742351
clinic,3.2293019,101.4271966
clinic,3.0785403,101.5472311
clinic,2.9608575,101.7540691
clinic,2.9792636,101.5333173
clinic,2.9784832,101.5344127
clinic,2.979287,101.5323414
clinic,3.0243675,101.7168649
clinic,3.2347629,101.4277106
clinic,2.8842951,101.6177531
clinic,3.1609213,101.5132154
clinic,3.1087303,101.6230804
clinic,3.0212039,101.7049309
clinic,3.2014001,101.5570775
clinic,3.0131635,101.7516298
clinic,3.1334355,101.5533197
clinic,3.2316899,101.4511526
clinic,2.8560702,101.6702873
clinic,3.1466444,101.7519493
clinic,3.1457064,101.7520331
clinic,2.9932778,101.7602793
clinic,3.1398613,101.7573331
clinic,3.1944848,101.6068278
clinic,3.200865,101.485558
clinic,2.8957344,101.8697444
clinic,3.2020866,101.558265
clinic,3.2347308,101.4142582
clinic,3.2517667,101.686391
clinic,3.1921229,101.3151992
clinic,3.2385532,101.4456789
clinic,3.3246697,101.2637733
clinic,3.06088,101.7726885
clinic,2.9923526,101.6148769
clinic,3.2334499,101.4141944
clinic,3.2329215,101.4503882
clinic,3.2068245,101.4736292
clinic,3.2360027,101.4287357
clinic,3.2326815,101.4145792
clinic,3.2056593,101.4872983
clinic,3.4244352,101.1803546
clinic,3.2115059,101.561936
clinic,3.2270316,101.5577061
clinic,3.2178438,101.5227451
clinic,3.2424004,101.4751582
clinic,2.9493902,101.5267411
clinic,3.0568837,101.5772753
clinic,3.2012907,101.5568838
clinic,3.2412742,101.4327729
clinic,2.8251362,101.7049232
clinic,2.824739,101.7050664
clinic,2.8246704,101.7070311
clinic,2.8191028,101.6896232
clinic,2.8233943,101.692458
clinic,2.8247383,101.7056077
clinic,2.8211625,101.6941467
clinic,2.8216032,101.6941528
clinic,2.8211586,101.694531
clinic,2.8206165,101.6945292
clinic,2.8182465,101.6945319
clinic,2.8192735,101.6941534
clinic,3.1760453,101.5463357
clinic,2.8070806,101.6950565
clinic,3.1862448,101.5971011
clinic,3.1648086,101.5482535
clinic,2.8391207,101.7007576
clinic,3.2058055,101.4873744
clinic,3.2322117,101.4531844
clinic,3.1978883,101.594115
clinic,3.1972793,101.593896
clinic,3.1982239,101.5942142
clinic,3.1971841,101.5938649
clinic,3.1979764,101.5941325
clinic,3.1980282,101.5990707
clinic,3.2055718,101.4706579
clinic,3.0719941,101.5227724
clinic,3.1765199,101.5755311
clinic,3.2073614,101.4748515
clinic,3.2070749,101.4762402
clinic,3.2401595,101.4485307
clinic,3.2398128,101.4452673
clinic,3.3208175,101.2712289
clinic,2.9236335,101.6516172
clinic,3.2027651,101.4873741
clinic,2.9895321,101.4464008
clinic,3.0102828,101.4679481
clinic,2.8701887,101.6711944
clinic,3.1346125,101.7394393
clinic,2.8254264,101.692973
clinic,3.0991027,101.638354
clinic,3.2828924,101.4735171
clinic,3.2459066,101.7225254
clinic,3.2070464,101.4740775
clinic,3.2345239,101.4896666
clinic,3.2468965,101.4270781
clinic,3.1686173,101.4703753
clinic,3.2560767,101.3077743
clinic,3.1580957,101.6045656
clinic,3.2461749,101.4747762
clinic,3.2118257,101.4543469
clinic,2.8390414,101.6975747
clinic,2.8398287,101.697947
clinic,3.0789111,101.6512324
clinic,3.0484391,101.6220561
clinic,3.0474145,101.6220892
clinic,3.1639131,101.5140558
clinic,3.1617848,101.5129613
clinic,3.1626688,101.5122835
clinic,3.1760791,101.5480562
clinic,2.8272951,101.6927871
clinic,3.1725584,101.5351966
clinic,3.0651279,101.6097145
clinic,3.1345953,101.6242857
clinic,3.2439957,101.4251395
clinic,3.2447524,101.4256113
clinic,3.1945524,101.5670859
clinic,3.1786801,101.5477934
clinic,3.2451683,101.4260891
clinic,3.1760035,101.5484771
clinic,3.1620763,101.5818363
clinic,3.1592145,101.5953734
clinic,3.1556106,101.5953216
clinic,3.1556658,101.5953228
clinic,3.155556,101.5953342
clinic,3.2071588,101.7508057
clinic,2.8286219,101.7074131
clinic,3.1869598,101.525282
clinic,3.1870826,101.5252931
clinic,3.044655,101.5179559
clinic,3.0448848,101.5178963
clinic,3.160719,101.5126984
clinic,3.1850953,101.5273899
clinic,3.1606224,101.51341
clinic,3.18548,101.527386
clinic,3.0445939,101.5179809
clinic,3.0437365,101.5182507
clinic,3.1282328,101.6361186
clinic,3.176924,101.5482858
clinic,3.7636344,100.9836005
clinic,3.0811419,101.7659268
clinic,3.103323,101.6529432
clinic,2.9651103,101.7812506
clinic,2.9548048,101.7787673
clinic,2.9549173,101.7787394
clinic,2.9647267,101.7795628
clinic,2.9647288,101.7794319
clinic,2.9651267,101.7805821
clinic,2.9651593,101.7795757
clinic,2.9647305,101.7807605
clinic,3.0438079,101.6207619
clinic,3.0336117,101.6172278
clinic,3.0333794,101.6171794
clinic,2.9247413,101.6510817
clinic,2.9710988,101.7730484
clinic,2.9654954,101.7201625
clinic,2.9385215,101.7808591
clinic,3.2336213,101.413474
clinic,3.2327117,101.4535553
clinic,2.9929737,101.7845759
clinic,2.9791692,101.7895511
clinic,2.9637866,101.7520358
clinic,2.9639709,101.7523126
clinic,2.9642742,101.7542049
clinic,2.9631807,101.756322
clinic,2.9632078,101.7600481
clinic,2.8853951,101.7897816
clinic,2.9452249,101.7851793
clinic,2.9452798,101.7852061
clinic,3.0757664,101.5865904
clinic,2.9211731,101.6359701
clinic,2.9477246,101.6179293
clinic,2.9635516,101.761968
clinic,2.964097,101.7647586
clinic,2.9641291,101.7652081
clinic,3.1651501,101.6080043
clinic,3.0787789,101.6368815
clinic,3.0789095,101.6368932
clinic,2.8243633,101.6922427
clinic,2.8288126,101.7059824
clinic,3.2339978,101.6951739
clinic,3.2339424,101.6951775
clinic,3.0334547,101.6176651
clinic,2.8140525,101.5042264
clinic,3.2053662,101.4350641
clinic,2.800412,101.6566281
clinic,2.8006388,101.656374
clinic,3.0979544,101.8010631
clinic,2.9243302,101.4726596
clinic,3.1784843,101.5478436
clinic,3.128236,101.6343765
clinic,3.1540786,101.5933671
clinic,3.1544633,101.5922865
clinic,3.1777412,101.5480511
clinic,2.8857396,101.7909753
clinic,3.0267432,101.7331525
clinic,2.9730048,101.6581028
clinic,2.957224,101.7906601
clinic,3.0461832,101.6209416
clinic,3.013594,101.6962698
clinic,3.1137481,101.5853174
clinic,3.0213905,101.7051791
clinic,3.0215605,101.7054239
clinic,3.0220872,101.7060264
clinic,3.022308,101.70619
clinic,3.0224495,101.7062992
clinic,2.932659,101.4348653
clinic,2.9923296,101.61571
clinic,3.0227181,101.7065191
clinic,3.0236375,101.7072279
clinic,3.0454679,101.6204836
clinic,3.0443223,101.6198837
clinic,3.0399791,101.6184779
clinic,3.0343571,101.6173986
clinic,3.2319165,101.4530188
clinic,3.3347039,101.5185193
clinic,3.1194872,101.5979942
clinic,3.1196699,101.5978421
clinic,3.0815221,101.5605305
clinic,3.7235025,101.4249107
clinic,3.0686848,101.4909205
clinic,3.0075789,101.5992159
clinic,3.0075933,101.5991573
clinic,3.0076387,101.5989876
clinic,3.0076687,101.5988729
clinic,3.0134662,101.6968538
clinic,3.0771848,101.5878084
clinic,3.07713,101.5866535
clinic,3.0815307,101.5879465
clinic,3.0815604,101.5873418
clinic,3.0332666,101.5788784
clinic,3.0496049,101.5845669
clinic,3.2115006,101.7463237
clinic,3.0841873,101.5260846
clinic,2.9989557,101.5270252
clinic,3.0306098,101.5351685
clinic,3.2015622,101.5579864
clinic,3.0473689,101.580196
clinic,3.1354601,101.7404132
clinic,3.1351091,101.7395801
clinic,3.1350469,101.7394259
clinic,3.1360615,101.7418812
clinic,3.1352167,101.7415139
clinic,2.978142,101.7725418
clinic,3.0443422,101.5175985
clinic,3.044514,101.5175499
clinic,3.2390867,101.6998604
clinic,3.2388075,101.6998564
clinic,3.2390311,101.6998613
clinic,3.2383647,101.6998644
clinic,3.2377688,101.6998488
clinic,3.2410233,101.7026719
clinic,3.2428156,101.7034426
clinic,3.242833,101.7047674
clinic,3.1868867,101.6025185
clinic,3.124652,101.4671444
clinic,3.1243427,101.4674957
clinic,3.1241617,101.468444
clinic,3.1273509,101.4691005
clinic,3.1281196,101.4669256
clinic,3.1134881,101.7557128
clinic,3.0813904,101.5399862
clinic,3.0814614,101.5400004
clinic,2.9586464,101.518567
clinic,2.9591287,101.5182698
clinic,2.960226,101.5176071
clinic,2.9579154,101.5189414
clinic,3.0578492,101.5067599
clinic,3.0586927,101.5061607
clinic,3.0297358,101.5364481
clinic,3.0374387,101.5203648
clinic,3.0420465,101.7715147
clinic,3.0426655,101.7719884
clinic,3.0427905,101.7720834
clinic,3.0435094,101.7726411
clinic,3.0423732,101.7722618
clinic,3.0390787,101.7692604
clinic,3.0916027,101.5452928
clinic,3.0916069,101.5439468
clinic,3.0916091,101.5438498
clinic,3.0764439,101.551269
clinic,3.0764961,101.551611
clinic,3.1149324,101.7606767
clinic,3.0761745,101.5500308
clinic,3.0759956,101.5496981
clinic,3.0767598,101.497244
clinic,3.0860921,101.6463746
clinic,2.990081,101.4207256
clinic,3.1506372,101.748144
clinic,3.2345358,101.4136653
clinic,2.9434213,101.5886912
clinic,3.2345615,101.4900575
clinic,2.9465237,101.5430539
clinic,3.1959895,101.6166513
clinic,2.9958099,101.6216905
clinic,2.9911137,101.8711809
clinic,3.1202401,101.5974034
clinic,3.05534,101.7589643
clinic,3.0553323,101.7585504
clinic,3.0623884,101.7581092
clinic,3.0623884,101.7581092
clinic,3.128926743747474,101.63154132778295
clinic,3.1177204093838213,101.639428524904
clinic,3.0724748305253238,101.49103046270727
clinic,3.0725326,101.49045985
clinic,2.7611406949094386,101.73896327605061
clinic,3.0990093253875624,101.60071150699964
clinic,3.2543496256282016,101.52537868442433
clinic,3.2764078518904327,101.5132022928786
clinic,2.9933712499999996,101.67341655
clinic,3.020730204059589,101.69996913503488
clinic,3.0215053500000004,101.6993191
clinic,3.00084305,101.39399825000001
clinic,3.0193382930919936,101.25333323309367
clinic,3.068259610618962,101.49370223434431
clinic,2.887977486554342,101.79264394961598
clinic,3.1456670253156815,101.75060252274388
clinic,3.0373904883047396,101.44653498520607
clinic,3.068615143018068,101.49406930303658
clinic,2.9551299956654726,101.62519379989348
clinic,3.114672611695367,101.52624769993652
clinic,3.1147253307230534,101.52666221432781
clinic,3.2004122484221327,101.55132754579874
clinic,3.741024668698128,101.3845950470457
clinic,3.068901092026591,101.41150061174828
clinic,3.6366779087305976,101.57288154841194
clinic,3.5678257,101.66106114999998
clinic,3.6708552666755163,101.52626138661262
clinic,2.8784495217615014,101.50037560126451
clinic,3.2452569808381106,101.67359678315803
clinic,3.4354465238265988,101.65705041960878
clinic,3.1415908026696218,101.76540745247034
clinic,3.0790839761201743,101.63453250052615
clinic,2.8684758655226426,101.73088283458803
clinic,3.050672590687913,101.45826888608465
clinic,3.145612525079185,101.75030504646723
clinic,3.0698778781205105,101.77412103284487
clinic,3.217903634079379,101.71399788391969
clinic,2.993790646475375,101.61913135834308
clinic,3.626650525393437,101.05176449369553
clinic,3.675740624816359,100.98836312669471
clinic,3.3367107617776095,101.24972488726202
clinic,3.3194965499999998,101.47255064999999
clinic,3.219440131922188,101.57711682205618
clinic,2.789510065335662,101.74920746679368
clinic,2.813531771077502,101.50443774233872
clinic,3.054987930234202,101.75690417596707
clinic,3.317550143671468,101.41417952626647
clinic,2.9976156639160068,101.44198228536514
clinic,2.9973309706328357,101.44290032419663
clinic,2.9973070660106726,101.44334069667038
clinic,3.1452974517970977,101.761361307936
clinic,3.0498660846123884,101.53316621662582
clinic,2.9354407729420253,101.77386005303919
clinic,2.978705051016083,101.82545437446129
clinic,3.014317089902098,101.41280988911542
clinic,2.6893524338435095,101.74999475331654
clinic,3.139686433449335,101.37216301907392
clinic,2.9861051063741297,101.77155122755266
clinic,3.1533543987676063,101.76279063659535
clinic,2.6451423026934195,101.71819318830633
clinic,2.9366773297482367,101.90915253732095
clinic,3.040894536713471,101.70194420405132
clinic,3.0312697819743497,101.69887469496248
clinic,3.020955514273697,101.59244883732248
clinic,3.4980965511915025,101.6361631503992
clinic,3.2332677505894947,101.31447467655774
clinic,3.0273723652967157,101.74676400395828
clinic,3.0059569,101.71608305
clinic,2.9901700499999992,101.6840344
clinic,2.794341161397869,101.44296880144607
clinic,3.5609136023093013,101.5400031402156
clinic,3.1366254801552453,101.44111915663751
clinic,3.1366254801552453,101.44111915663751
clinic,3.36146839894924,101.60326038624599
clinic,3.1109002540058075,101.81501751134768
clinic,3.4261547093341562,101.17966247084911
clinic,3.4261547093341562,101.17966247084911
clinic,3.421642010081603,101.17363016545825
clinic,2.9717779547782976,101.51522312749107
clinic,3.0164073999999976,101.52768770000002
clinic,3.0032053558426552,101.50532174662683
clinic,3.0246554000000003,101.53759065
clinic,3.0246830112230674,101.53763865558918
clinic,3.025418088675408,101.55818220739712
clinic,3.0571082499999997,101.49131005
clinic,3.056983428676744,101.49130469745386
clinic,3.056733697655629,101.49129397366059
clinic,3.057461523036029,101.48984969729278
clinic,3.05427785,101.4843189
clinic,3.0542765,101.48466984999999
clinic,2.960520064437326,101.51739779392528
clinic,2.905046291806888,101.4676046445842
clinic,3.027492034278953,101.71171725748854
clinic,3.175110107038864,101.74898450413187
clinic,3.1667185718118818,101.7364158622292
clinic,3.37985796856497,101.40744266770697
clinic,3.3898551742419123,101.27262456501822
clinic,3.0220026910486752,101.44125962687353
clinic,3.3634282490670957,101.24763231694432
clinic,2.8195707009078106,101.5172308913591
clinic,2.9993375450866235,101.87221633228681
clinic,3.0279343499999993,101.46307829999999
clinic,3.049057667128108,101.42787047165643
clinic,3.1119872548037275,101.75301744391585
clinic,2.9901514999999996,101.62971759999996
clinic,2.9898076,101.62985500000002
clinic,3.1835169116799595,101.7582359663047
clinic,3.2717007374690703,101.34757634016368
clinic,2.9517661950091276,101.84023579532196
clinic,3.259827793107699,101.55205035217253
clinic,3.3007253993451617,101.28941153312202
clinic,3.8407975233588454,100.89805942765122
clinic,3.8165677495394403,100.8432958811912
clinic,3.7758421832069713,100.8822735944508
clinic,3.1646145958044047,101.88275078718449
clinic,3.7133234866635245,101.12643075572102
clinic,3.203452426823549,101.75626109089066
clinic,2.90195595,101.77826445
clinic,3.510000298486754,101.10278938477181
clinic,3.224229156482025,101.6229484520909
mall,3.0434654,101.5169616
mall,3.0860379,101.521651
mall,3.0294803,101.6157132
mall,3.0777707,101.5865292
mall,3.1175682,101.6349969
mall,3.0977785,101.5452577
mall,3.1237864,101.5283672
mall,3.1565037,101.5961597
mall,3.1557916,101.5966448
mall,3.1666643,101.5691461
mall,3.1182602,101.5764503
mall,3.1605643,101.5500885
mall,3.1060735,101.4667544
mall,3.071790256180317,101.51817449301274
mall,3.157797676701152,101.61159900251198
mall,3.1508117799666278,101.615372336421
mall,2.969855279963845,101.71308281348823
mall,3.1098853723270823,101.45966188118089
mall,3.0455110963839083,101.61847008331348
mall,3.064744869652483,101.6058711937546
mall,3.1363997168498625,101.74710754073111
mall,3.1363997168498625,101.74710754073111
mall,3.084799830646088,101.52339498378556
mall,2.994687338810651,101.67467453049773
mall,3.0706194672426417,101.51744785135007
mall,3.0714004999999998,101.51969013333334
mall,3.0822694265762007,101.58557204225947
mall,2.991146724525398,101.78892135525848
mall,2.9535698898608973,101.75706759962551
mall,3.0741093676550886,101.51716453097465
mall,3.2092222033788476,101.56375559153807
mall,3.0279749528365216,101.71832226506174
mall,3.0725790218326936,101.60689581495275
mall,3.1089531772666135,101.63700442187469
mall,3.157794042774275,101.75094954743442
mall,3.1380863360059146,101.61033934913127
mall,3.130458955931069,101.62711120504102
mall,3.033352197158529,101.76477543947765
mall,3.055223778806332,101.78726865955657
mall,2.9989554479875777,101.7860840135064
mall,3.0820168872716325,101.5826282487545
mall,3.1482860236209023,101.61612954038758
mall,3.105087994455775,101.59594516332469
mall,3.3162785866616873,101.53613800494783
mall,3.028513803024116,101.7094474196521
mall,3.026217008820103,101.61829549786223
mall,3.063879049958397,101.6161908028812
mall,3.0600033295827087,101.59348716272106
mall,3.0211410049242557,101.58052596039352
mall,3.1270769931670195,101.61649386633138
mall,2.923302415590356,101.66181692922552
mall,3.1118847035159094,101.55236222776864
mall,3.1556510357983685,101.59378097352105
mall,3.147134443942488,101.7558430954225
mall,3.0638525653019175,101.45352003141552
mall,2.9221364991464367,101.65105614143556
mall,3.04850860382939,101.44776534046338
mall,3.1507189157725457,101.59171770251811
mall,3.0072794466942483,101.60495906466126
mall,3.1100701999653078,101.5865025303731
mall,3.0648080363702963,101.6088575027064
mall,3.1978428811615696,101.60958212570995
mall,3.135176423118847,101.62288266175418
mall,3.032468479417451,101.58882326953139
mall,3.0263419112120533,101.58114209364936
mall,2.9329699507940616,101.7653935302462
mall,3.210518692100683,101.74856927558628
mall,3.062458734059318,101.48184301911354
mall,3.22512575,101.56775360000002
mall,3.155139783414259,101.55363153232173
mall,3.076424504162074,101.54817743140282
mall,3.0608733388061067,101.4724332025467
mall,3.132272231941569,101.75222856372662
mall,2.922253824396676,101.6348354141367
mall,2.9813084146056776,101.66211441735267
mall,3.071693864966229,101.51721252055779
mall,3.070948450101162,101.51749739996356
mall,3.0715400827552783,101.51689596363593
mall,3.0712667022403655,101.51697666498647
mall,3.071230294357582,101.51714901095727
mall,3.07071816973278,101.51703830098116
mall,3.0705561567120103,101.51713769846697
mall,3.0709057139709373,101.51704171044628
mall,3.070185977533548,101.51709886574461
mall,3.0696183854812533,101.51752148828578
mall,3.0697262568970074,101.51783166040536
mall,3.070072827647307,101.51724614162038
mall,3.070172281762376,101.51736553363675
mall,3.070702950915705,101.51714957093868
mall,3.0711134969953284,101.51710347479371
mall,3.070686367104239,101.51698146761606
mall,3.0707361740177364,101.5171062550954
mall,3.070107913216398,101.51732400410158
mall,3.155966915252561,101.61136322077732
mall,2.9627093892826406,101.7553713617937
mall,2.944845558686246,101.54317787070994
mall,3.1287035202658458,101.75386843884596
mall,2.994020300301237,101.44445179741811
mall,3.2484748687020986,101.64904478941564
mall,3.2404738868589797,101.64841901750194
mall,3.237300869921249,101.64438240038088
mall,3.112361874286562,101.57890852532098
mall,3.148743039699543,101.59488805493883
mall,2.969645554987816,101.71436689586179
mall,2.9248323348095138,101.8555353083908
mall,3.058090628682382,101.59297434250678
mall,3.054581446276928,101.49127635136753
mall,3.0252464230628435,101.75126031866111
mall,3.0520819495712628,101.4629425254933
mall,3.049560749937098,101.44353691668256
mall,2.9568029269054117,101.55304179705374
mall,3.056567210585374,101.4896728259515
mall,3.114506366724272,101.61115527743381
mall,2.7441739808292933,101.68543062543428
mall,2.780405335201035,101.6773581666225
mall,3.1673848902276673,101.73616021252305
mall,2.9909451460584173,101.4494947074095
mall,2.9578365272016627,101.46618485295298
mall,3.072891078759591,101.76287595868737
mall,3.0241975658791427,101.5137459189305
mall,3.1815838000564534,101.5099968179483
mall,3.168022178864184,101.6156069082967
mall,2.9826841671974593,101.42828701610308
supermarket,3.0873466,101.5472164
supermarket,2.9439829,101.8448602
supermarket,3.0473817,101.5273514
supermarket,2.9916859,101.7900335
supermarket,3.1917372,101.5933233
supermarket,3.0503308,101.5554722
supermarket,3.22735,101.5575152
supermarket,3.2360614,101.5419227
supermarket,2.9387601,101.7471203
supermarket,3.0996955,101.6455299
supermarket,3.0865897,101.6413154
supermarket,3.0868993,101.6630267
supermarket,3.0851666,101.6458829
supermarket,3.1092693,101.6374196
supermarket,3.1105972,101.6455469
supermarket,3.1106516,101.6371547
supermarket,2.6419184,101.716287
supermarket,2.9911022,101.7938408
supermarket,3.1674091,101.6062505
supermarket,3.3137803,101.4126389
supermarket,2.9868313,101.8085687
supermarket,3.1608489,101.758874
supermarket,3.1509224,101.7504483
supermarket,3.0063465,101.3997145
supermarket,3.1204741,101.5992005
supermarket,3.0625364,101.5263483
supermarket,3.1054516,101.6001413
supermarket,3.1504841,101.5919849
supermarket,3.3089301,101.5550921
supermarket,3.1873593,101.6055599
supermarket,3.082194,101.5831314
supermarket,3.1461108,101.5247873
supermarket,3.1157208,101.5292016
supermarket,3.0833075,101.5400954
supermarket,3.2348489,101.6941016
supermarket,3.1384952,101.4399077
supermarket,3.1811631,101.5423527
supermarket,3.0987801,101.6455314
supermarket,3.1096879,101.6362794
supermarket,3.1104379,101.4477976
supermarket,3.0955854,101.6111374
supermarket,2.9920218,101.6153852
supermarket,2.9629162,101.7527357
supermarket,2.991419,101.8713312
supermarket,3.1055437,101.5996871
supermarket,3.1283704,101.5192139
supermarket,2.9371255,101.7473429
supermarket,3.229109,101.4267439
supermarket,3.2445214,101.4258852
supermarket,3.2326505,101.4144875
supermarket,3.1143444,101.5907011
supermarket,3.1294256,101.5992847
supermarket,3.1197608,101.5801656
supermarket,3.2095687,101.570112
supermarket,3.0986834,101.5560648
supermarket,2.8060051,101.4948643
supermarket,3.0865434,101.6553828
supermarket,3.1367402,101.7474774
supermarket,3.2374535,101.6739713
supermarket,3.1753452,101.7350714
supermarket,3.005568,101.5354391
supermarket,3.0322638,101.5769898
supermarket,3.1113729,101.5512402
supermarket,3.1332859,101.6003943
supermarket,3.1476156,101.7565668
supermarket,2.993388,101.5303848
supermarket,3.1953346,101.6168709
supermarket,2.6615192,101.5582173
supermarket,2.9412982,101.6129399
supermarket,3.1439865,101.4817031
supermarket,2.9346035,101.748678
supermarket,2.932954,101.7504907
supermarket,3.0042011,101.537102
supermarket,3.0161105,101.5136526
supermarket,3.0055322,101.4834285
supermarket,3.0058022,101.4834657
supermarket,3.2455625,101.7219746
supermarket,3.0946968,101.4444457
supermarket,3.0317191,101.6033895
supermarket,3.0346121,101.665143
supermarket,3.0376536,101.6468404
supermarket,3.1667365,101.5703977
supermarket,3.0423308,101.4284566
supermarket,3.0290678,101.4290799
supermarket,3.0270165,101.4285331
supermarket,3.0270807,101.7389342
supermarket,3.2343572,101.6738872
supermarket,3.1191132,101.6206503
supermarket,3.0272943,101.7256579
supermarket,3.0645625,101.6376579
supermarket,3.2444818,101.6622212
supermarket,2.9868509,101.5159808
supermarket,3.0108839,101.7367008
supermarket,3.0054575,101.7369377
supermarket,3.0737104,101.6493184
supermarket,3.1462554,101.7515817
supermarket,3.1323887,101.7522624
supermarket,3.0465731,101.5895861
supermarket,3.0468513,101.5905071
supermarket,3.0470334,101.5902885
supermarket,3.0468054,101.5897864
supermarket,3.1106216,101.5868312
supermarket,3.2486847,101.7062934
supermarket,2.9911886,101.5468568
supermarket,3.0788636,101.6522391
supermarket,2.9405327,101.4711785
supermarket,3.0669673,101.5546447
supermarket,3.1108934,101.5902467
supermarket,3.0752366,101.6357817
supermarket,3.0602085,101.6422048
supermarket,3.0351474,101.6702093
supermarket,3.0820537,101.6421009
supermarket,3.0730786,101.6480204
supermarket,3.0753712,101.6438087
supermarket,3.1022229,101.6002532
supermarket,3.0861592,101.6213566
supermarket,2.8642761,101.6761563
supermarket,2.8647932,101.6750056
supermarket,2.8666041,101.6733122
supermarket,3.4231231,101.6281258
supermarket,3.1004685,101.6410895
supermarket,2.9183123,101.4745825
supermarket,3.0732953,101.6161772
supermarket,3.0912297,101.5086988
supermarket,3.0788418,101.6267005
supermarket,3.0820544,101.5271483
supermarket,3.0834663,101.6283498
supermarket,3.0830064,101.627843
supermarket,2.9849374,101.781263
supermarket,2.9927528,101.7684649
supermarket,2.990296,101.7766888
supermarket,2.9904461,101.7798163
supermarket,2.9836583,101.7796416
supermarket,2.9758171,101.7801735
supermarket,2.9778301,101.7729326
supermarket,2.9773142,101.7965155
supermarket,2.9711913,101.7730512
supermarket,3.1221312,101.6284181
supermarket,3.1221031,101.6353113
supermarket,2.9540939,101.7568171
supermarket,2.8004632,101.6565587
supermarket,3.4319752,101.6584016
supermarket,3.4602148,101.6592287
supermarket,3.4601086,101.6593415
supermarket,2.689876,101.7510013
supermarket,3.0727512,101.5873271
supermarket,3.3924479,101.1884333
supermarket,3.319269,101.5787369
supermarket,3.2085412,101.6114204
supermarket,3.1367968,101.595512
supermarket,3.4973865,101.6333527
supermarket,3.1609524,101.7603138
supermarket,3.1049653,101.5957334
supermarket,3.0433839,101.6031923
supermarket,2.9008037,101.7058832
supermarket,2.9534966,101.7570536
supermarket,3.0449378,101.6024646
supermarket,3.0450979,101.602927
supermarket,3.0448145,101.6030251
supermarket,3.0445991,101.6029254
supermarket,3.1505273,101.7503914
supermarket,3.0436497,101.590391
supermarket,3.021595,101.6773755
supermarket,3.0920634,101.6261575
supermarket,3.2339335,101.4908223
supermarket,2.983688,101.780881
supermarket,3.084987,101.4139483
supermarket,3.0195964,101.3702493
supermarket,3.0705356,101.4124294
supermarket,2.9699597,101.8432007
supermarket,3.5928941,101.604844
supermarket,3.6395932,101.5658529
supermarket,3.0301206,101.5353405
supermarket,3.5069819,101.1028323
supermarket,3.0507192,101.5345469
supermarket,3.0540664,101.7502227
supermarket,3.2121406,101.7462442
supermarket,3.2220569,101.7410969
supermarket,2.857436,101.6741057
supermarket,3.1394226,101.7734743
supermarket,3.1396396,101.7819337
supermarket,3.1344787,101.7695378
supermarket,3.1280466,101.7802634
supermarket,3.047661,101.5832602
supermarket,3.0213471,101.6075412
supermarket,3.0667895,101.6502057
supermarket,2.9066672,101.8647653
supermarket,3.1353847,101.6290398
supermarket,3.145379,101.7692927
supermarket,3.1516417,101.7593105
supermarket,3.2028527,101.5889638
supermarket,3.1949817,101.585416
supermarket,2.8799001,101.4966069
supermarket,3.0988314,101.8024382
supermarket,3.1133401,101.6056799
supermarket,3.1390855,101.763986
supermarket,3.0166937,101.6755874
supermarket,3.0553028,101.6499854
supermarket,3.0722641,101.6035026
supermarket,3.1289253,101.7759271
supermarket,3.1214436,101.809824
supermarket,3.1457089,101.7524
supermarket,3.0680114,101.4901121
supermarket,3.0679867,101.488877
supermarket,3.067994,101.4885475
supermarket,3.068672,101.4884296
supermarket,3.069013,101.4884336
supermarket,3.0694311,101.488458
supermarket,3.0695002,101.4892833
supermarket,3.0694717,101.4894053
supermarket,3.067076,101.4895356
supermarket,3.1551435,101.5829413
supermarket,3.04564,101.4449161
supermarket,3.0432285,101.5999183
supermarket,3.0505053,101.6332789
supermarket,3.1467433,101.7712787
supermarket,3.5066222,101.0977513
supermarket,3.1917127,101.3145527
supermarket,2.9326711,101.8492748
supermarket,3.1509105,101.6004171
supermarket,3.2559678,101.656554
supermarket,3.2043218,101.7782073
supermarket,2.9461852,101.8466046
supermarket,3.2118016,101.7515972
supermarket,2.9332974,101.5481963
supermarket,2.9735765,101.8243365
supermarket,3.4540005,101.6409235
supermarket,3.0600606,101.4718169
supermarket,3.2465927,101.4748036
supermarket,2.924815,101.6362535
supermarket,2.9229347,101.6629041
supermarket,2.8210414,101.6947759
supermarket,3.0643755,101.4531352
supermarket,3.074061,101.5880962
supermarket,2.8247235,101.7058544
supermarket,2.907346,101.8639406
supermarket,2.957716,101.8395055
supermarket,2.957762,101.8401859
supermarket,3.1509554,101.747701
supermarket,2.8117768,101.4891516
supermarket,3.0209602,101.775869
supermarket,3.1088137,101.6223539
supermarket,3.0530746,101.7385645
supermarket,3.1316703,101.7554469
supermarket,3.1466424,101.7519933
supermarket,3.2257525,101.7015307
supermarket,3.1068878,101.6244416
supermarket,3.0468163,101.5058494
supermarket,3.3408039,101.2502443
supermarket,3.1420866,101.7473235
supermarket,3.1257284,101.755765
supermarket,3.1201955,101.7610819
supermarket,3.1521225,101.7748642
supermarket,3.2018606,101.7561622
supermarket,3.1392503,101.7512117
supermarket,3.1387555,101.7571256
supermarket,3.1111529,101.7652662
supermarket,3.1446149,101.760867
supermarket,3.1524661,101.7698084
supermarket,3.1554197,101.7523549
supermarket,3.1257011,101.7693984
supermarket,3.2276485,101.7448992
supermarket,3.2457609,101.6743896
supermarket,3.2333607,101.6951534
supermarket,3.2386067,101.6502426
supermarket,3.250667,101.6921933
supermarket,3.2370679,101.6745969
supermarket,3.251073,101.6666635
supermarket,3.241339,101.704629
supermarket,3.2342451,101.6862365
supermarket,3.2558277,101.6942339
supermarket,3.2336672,101.7022109
supermarket,3.2373521,101.6976809
supermarket,3.2424128,101.6799388
supermarket,3.2676153,101.6730483
supermarket,3.2264845,101.6979121
supermarket,3.2563325,101.6752072
supermarket,3.2347266,101.6875317
supermarket,3.1263902,101.7639184
supermarket,3.1446932,101.7586178
supermarket,3.1569299,101.7582993
supermarket,3.2661999,101.6519244
supermarket,3.2519044,101.6593503
supermarket,3.0702616,101.4115449
supermarket,3.0957151,101.6057376
supermarket,3.1531795,101.5293299
supermarket,3.1545505,101.529358
supermarket,3.0245325,101.7415439
supermarket,3.0419331,101.7714295
supermarket,3.0427373,101.7044523
supermarket,2.9869654,101.6647835
supermarket,3.0238978,101.731386
supermarket,3.0322533,101.7079868
supermarket,2.9816209,101.6652133
supermarket,3.0191353,101.7124492
supermarket,3.0096833,101.7233731
supermarket,3.0295354,101.7328962
supermarket,3.0412609,101.7072526
supermarket,3.1845303,101.6080325
supermarket,3.1548301,101.603452
supermarket,3.193374,101.6066742
supermarket,3.0215109,101.5988268
supermarket,3.2099489,101.6105068
supermarket,3.2110528,101.6154224
supermarket,3.0403697,101.7934556
supermarket,2.9578707,101.7914595
supermarket,2.971839,101.827942
supermarket,2.9453384,101.8436264
supermarket,3.0228813,101.6965189
supermarket,2.9633318,101.7535298
supermarket,2.9908741,101.7988273
supermarket,2.9760529,101.7949005
supermarket,2.9830029,101.7845685
supermarket,2.992202,101.8175383
supermarket,3.0542324,101.8042798
supermarket,3.4181735,101.1867809
supermarket,3.6917022,100.9704152
supermarket,2.8378957,101.7257385
supermarket,2.8284376,101.7301745
supermarket,3.0312871,101.784442
supermarket,2.9641985,101.7796444
supermarket,2.9814586,101.80248
supermarket,2.9750984,101.8010825
supermarket,2.9977411,101.797822
supermarket,2.9409222,101.7897927
supermarket,3.0575135,101.7840858
supermarket,2.9252303,101.8597848
supermarket,2.8051418,101.7207215
supermarket,2.8191038,101.6893828
supermarket,2.9547686,101.778337
supermarket,3.0032648,101.7911208
supermarket,3.0132333,101.7784144
supermarket,2.9573549,101.7860465
supermarket,2.8555913,101.6844437
supermarket,3.2354879,101.698707
supermarket,3.235136,101.6965032
supermarket,3.1389738,101.5262113
supermarket,3.2290252,101.6977019
supermarket,3.2424268,101.704916
supermarket,3.151661,101.5928243
supermarket,2.9427857,101.5287202
supermarket,2.9433964,101.5281498
supermarket,2.9445482,101.5428696
supermarket,2.9425545,101.5407552
supermarket,2.9011589,101.6307527
supermarket,2.9188269,101.6568542
supermarket,3.134339,101.739464
supermarket,3.1127152,101.7426585
supermarket,3.2229271,101.6379351
supermarket,3.1307522,101.7516084
supermarket,3.117521,101.753872
supermarket,3.0625187,101.7500917
supermarket,3.1213885,101.742453
supermarket,3.139468,101.7393207
supermarket,3.2094618,101.6291041
supermarket,3.1161844,101.7399482
supermarket,3.2170367,101.7126537
supermarket,3.2141938,101.6181196
supermarket,3.1350788,101.7423768
supermarket,3.2195588,101.6226782
supermarket,3.2068903,101.6065434
supermarket,3.1770691,101.7380634
supermarket,3.1954417,101.5932831
supermarket,3.2011478,101.6243261
supermarket,3.1930247,101.6109661
supermarket,2.9326402,101.7680991
supermarket,2.9232797,101.6604927
supermarket,2.9244391,101.6372091
supermarket,3.0816968,101.6192081
supermarket,3.1328356,101.6236821
supermarket,3.4629045,101.6522508
supermarket,3.4984865,101.6371976
supermarket,3.6739767,101.5208525
supermarket,3.4251057,101.1766777
supermarket,3.2606601,101.3052686
supermarket,3.3022533,101.2871593
supermarket,3.4282611,101.2442175
supermarket,3.3310374,101.2559502
supermarket,3.3833377,101.2296114
supermarket,3.4059656,101.2018472
supermarket,3.2564691,101.3076656
supermarket,3.5030116,101.1038719
supermarket,3.5160698,101.0959278
supermarket,3.6906027,100.971563
supermarket,3.1920314,101.7712312
supermarket,3.0940286,101.7540349
supermarket,3.2452076,101.6991794
supermarket,3.2486662,101.6479844
supermarket,3.241117,101.6424175
supermarket,3.2479891,101.6433616
supermarket,3.2360583,101.6918403
supermarket,3.2519514,101.687069
supermarket,3.0808116,101.7867289
supermarket,3.1393579,101.6145338
supermarket,3.078337,101.6106052
supermarket,3.0605799,101.6104566
supermarket,3.1335338,101.7647974
supermarket,3.0763425,101.6042771
supermarket,3.1175341,101.6044934
supermarket,3.116937,101.6215414
supermarket,3.1775241,101.6175548
supermarket,3.1647493,101.6075219
supermarket,3.1288647,101.6345142
supermarket,3.0993442,101.6246339
supermarket,3.1174565,101.6133285
supermarket,3.1580928,101.6044602
supermarket,3.1302358,101.6125141
supermarket,3.072186,101.6096529
supermarket,3.0782153,101.6088711
supermarket,3.1864302,101.5971614
supermarket,3.0575965,101.6004495
supermarket,3.1368679,101.6150022
supermarket,3.0801242,101.6177998
supermarket,3.1973428,101.5931471
supermarket,3.1976423,101.5990968
supermarket,3.0901481,101.6146157
supermarket,3.0882156,101.6174881
supermarket,3.1096921,101.6038848
supermarket,3.0347353,101.5938788
supermarket,3.3240537,101.5781821
supermarket,3.3038537,101.5982894
supermarket,3.2109016,101.5673563
supermarket,3.3078142,101.5848772
supermarket,3.3251166,101.5250729
supermarket,3.373545,101.5325339
supermarket,3.4373154,101.5485552
supermarket,3.4175787,101.5774424
supermarket,3.4003203,101.5597226
supermarket,3.4306453,101.5573842
supermarket,3.2841733,101.4728297
supermarket,3.3270951,101.5798424
supermarket,3.2981693,101.5913329
supermarket,3.3084278,101.5616813
supermarket,3.3337147,101.5875349
supermarket,3.3283856,101.5611656
supermarket,3.2476132,101.5239509
supermarket,3.3173387,101.5952755
supermarket,3.2791788,101.5139237
supermarket,3.3037123,101.4458386
supermarket,3.1945815,101.5670563
supermarket,3.1477524,101.5750763
supermarket,3.1565584,101.5718139
supermarket,3.1534577,101.5791661
supermarket,3.2099699,101.5649596
supermarket,3.2021486,101.4844433
supermarket,3.2267448,101.5667948
supermarket,3.2492012,101.5582634
supermarket,3.4188927,101.5701475
supermarket,3.3208247,101.5567639
supermarket,3.4086954,101.5932428
supermarket,3.3220182,101.5744394
supermarket,3.3199706,101.5097271
supermarket,3.4199036,101.5562731
supermarket,3.2736311,101.6503116
supermarket,3.349086,101.5925352
supermarket,3.3351064,101.5173486
supermarket,3.3655866,101.604297
supermarket,3.1755995,101.575161
supermarket,3.1612896,101.5812705
supermarket,2.7901252,101.7489791
supermarket,2.9029206,101.7642193
supermarket,2.8721706,101.6700545
supermarket,3.018013,101.6140754
supermarket,2.9999266,101.5949657
supermarket,3.0131834,101.603335
supermarket,2.9900451,101.6399542
supermarket,2.9467263,101.6180188
supermarket,2.9960072,101.6217097
supermarket,3.012304,101.4881796
supermarket,3.1484626,101.5452799
supermarket,3.1671246,101.533781
supermarket,3.0464498,101.5266529
supermarket,3.0670605,101.4901446
supermarket,3.1145711,101.5265702
supermarket,3.1604104,101.5478398
supermarket,3.0225862,101.5674961
supermarket,3.0163523,101.5298004
supermarket,3.0041313,101.5004612
supermarket,3.1440214,101.5365672
supermarket,3.1789103,101.5361327
supermarket,3.0324981,101.5699798
supermarket,3.1054528,101.4674911
supermarket,3.198842,101.5777314
supermarket,3.2100284,101.562671
supermarket,3.1266359,101.4708821
supermarket,3.098795,101.4614452
supermarket,3.1505672,101.5424218
supermarket,3.0377481,101.5506768
supermarket,2.9800435,101.5131492
supermarket,3.0971751,101.5387638
supermarket,3.2166484,101.523406
supermarket,3.0698527,101.5554784
supermarket,3.0240379,101.538482
supermarket,3.0452572,101.5177618
supermarket,3.203082,101.5429943
supermarket,3.1032043,101.5285983
supermarket,3.1095689,101.5423873
supermarket,3.0543215,101.4842333
supermarket,3.0085423,101.5250779
supermarket,3.1660082,101.541686
supermarket,3.0572432,101.4913433
supermarket,3.0489372,101.601426
supermarket,3.0655899,101.5781115
supermarket,3.0790542,101.5809293
supermarket,3.074517,101.5601498
supermarket,3.0660714,101.5865024
supermarket,3.0550303,101.558919
supermarket,3.0815315,101.5876464
supermarket,3.047761,101.5797932
supermarket,3.0453397,101.5754746
supermarket,3.0622509,101.567685
supermarket,3.0433429,101.5833516
supermarket,3.0278222,101.5820895
supermarket,3.0574595,101.590548
supermarket,3.0664274,101.6030415
supermarket,2.9823852,101.8163764
supermarket,2.991893,101.8027091
supermarket,2.8961045,101.8696391
supermarket,3.0117558,101.8117932
supermarket,2.9743166,101.7894732
supermarket,2.9435686,101.5882411
supermarket,2.9517931,101.5822823
supermarket,3.0010184,101.3997208
supermarket,2.8304334,101.6159941
supermarket,2.9134393,101.4757292
supermarket,2.8435565,101.4452629
supermarket,2.877548,101.5022481
supermarket,2.6599233,101.5650394
supermarket,2.7835757,101.4623401
supermarket,2.8135878,101.5022741
supermarket,2.8721777,101.4947153
supermarket,2.9086317,101.4668528
supermarket,3.0239888,101.7506223
supermarket,3.0098253,101.7137089
supermarket,3.0144715,101.697532
supermarket,2.9949176,101.6785354
supermarket,2.9939829,101.6513586
supermarket,2.9965868,101.6684142
supermarket,3.0392551,101.6969196
supermarket,3.0381909,101.681011
supermarket,3.0275552,101.7505166
supermarket,3.0193262,101.7529395
supermarket,3.046935,101.7397362
supermarket,3.1133303,101.7555703
supermarket,3.0455738,101.7670777
supermarket,3.0415005,101.7504659
supermarket,3.0623687,101.7587125
supermarket,3.0355762,101.7659702
supermarket,3.064287,101.790295
supermarket,3.0577658,101.7658367
supermarket,3.0794504,101.7584104
supermarket,3.0621514,101.7680852
supermarket,3.0704059,101.7576823
supermarket,3.0510012,101.7828142
supermarket,3.0389035,101.7321658
supermarket,2.9946233,101.759162
supermarket,3.0552659,101.7581329
supermarket,3.0052258,101.7370953
supermarket,3.090644,101.7625
supermarket,3.1327414,101.4401789
supermarket,3.0785342,101.420509
supermarket,3.0627256,101.4519583
supermarket,3.0503942,101.4435307
supermarket,3.0954291,101.3835517
supermarket,3.0539808,101.4662082
supermarket,3.0634369,101.469009
supermarket,3.0513687,101.463007
supermarket,3.064097,101.4556119
supermarket,3.0506446,101.4485315
supermarket,3.1389957,101.3701973
supermarket,3.093712,101.4090573
supermarket,3.0460067,101.4620545
supermarket,3.068985,101.4501057
supermarket,3.0644308,101.4241339
supermarket,3.1357813,101.4418345
supermarket,3.0721711,101.4310709
supermarket,3.155494,101.3322052
supermarket,3.1479845,101.4381226
supermarket,3.1109571,101.4382684
supermarket,3.1356581,101.3890194
supermarket,3.0686222,101.4165501
supermarket,3.0646589,101.4374027
supermarket,3.015409,101.4420407
supermarket,3.0903779,101.4556308
supermarket,3.1185093,101.4406763
supermarket,3.0019199,101.4430631
supermarket,3.0076275,101.464162
supermarket,3.0135839,101.459868
supermarket,3.0160734,101.4726919
supermarket,3.0081788,101.4719143
supermarket,2.9984182,101.4835426
supermarket,2.9965489,101.4741152
supermarket,3.0066322,101.4181793
supermarket,2.9881259,101.4678401
supermarket,3.0175551,101.4319392
supermarket,2.9962133,101.4454914
supermarket,2.9876073,101.4548821
supermarket,2.9964375,101.4613483
supermarket,2.999321,101.4315152
supermarket,3.0076052,101.4356771
supermarket,3.0392127,101.4133408
supermarket,2.9979387,101.443017
supermarket,3.0405529,101.4484862
supermarket,3.0218854,101.4509395
supermarket,2.9963837,101.49083
supermarket,3.0151794,101.4492418
supermarket,3.0092482,101.4424359
supermarket,3.0276853,101.4637331
supermarket,3.0161833,101.4280161
supermarket,2.9789745,101.5014568
supermarket,3.0235354,101.4330832
supermarket,3.0477163,101.4311782
supermarket,3.0176465,101.4213165
supermarket,2.9777327,101.4512899
supermarket,3.0286827,101.4662895
supermarket,3.0064146,101.6055558
supermarket,3.0602064,101.6269072
supermarket,3.0621205,101.6464772
supermarket,3.0625034,101.6468684
supermarket,2.9682638,101.610659
supermarket,2.9443942,101.6020696
supermarket,2.9775613,101.6560328
supermarket,3.0355808,101.6252605
supermarket,2.9855772,101.6213896
supermarket,2.979508,101.6062099
supermarket,2.9460417,101.6134086
supermarket,3.0656787,101.6332132
supermarket,3.0139439,101.6139931
supermarket,3.009248,101.6151965
supermarket,2.9829831,101.6036421
supermarket,3.0189836,101.6075163
supermarket,2.997871,101.612378
supermarket,3.0357123,101.6177083
supermarket,2.9752322,101.5800242
supermarket,3.0262782,101.6240799
supermarket,3.0231689,101.6183466
supermarket,3.0525958,101.6530883
supermarket,3.0082168,101.5995267
supermarket,3.0329811,101.6136443
supermarket,2.9936,101.5708396
supermarket,2.9913406,101.5606143
supermarket,3.0477136,101.4487043
supermarket,3.1561233,101.6112188
supermarket,3.0094667,101.4377324
supermarket,3.4035196,101.5599453
supermarket,3.1444678,101.5387398
supermarket,3.1591802,101.5743501
supermarket,3.1728877,101.5763622
supermarket,3.1242924,101.467433
supermarket,3.2813611,101.4650668
supermarket,3.2001669,101.618109
supermarket,2.9974723,101.8123851
supermarket,3.0041649,101.4238023
supermarket,3.0123168,101.4291805
supermarket,3.0817436,101.5821845
supermarket,3.0087758,101.5778696
supermarket,3.0000751,101.5961833
supermarket,3.031913,101.5885819
supermarket,2.9014369,101.8371482
supermarket,2.9792678,101.5324051
supermarket,2.9792645,101.5334422
supermarket,2.9724285,101.530039
supermarket,3.2379911,101.6436398
supermarket,3.0400132,101.4470549
supermarket,3.0547609,101.4911603
supermarket,3.117032,101.6347657
supermarket,3.0551789,101.786945
supermarket,3.2559211,101.3073976
supermarket,2.8232491,101.6950811
supermarket,3.1459305,101.7650115
supermarket,3.1287477,101.7538176
supermarket,3.1579486,101.7507832
supermarket,3.0144441,101.6136426
supermarket,3.0255397,101.6154956
supermarket,3.0450698,101.6228426
supermarket,2.8786674,101.7002423
supermarket,2.8852814,101.7270854
supermarket,3.3631747,101.2398131
supermarket,3.105103,101.6471617
supermarket,3.0442354,101.6987807
supermarket,2.9313904,101.8574833
supermarket,3.025206,101.6990197
supermarket,2.7443422,101.6847579
supermarket,3.0263937,101.580897
supermarket,2.6247329,101.7074988
supermarket,3.282761,101.4732032
supermarket,3.2809219,101.4661377
supermarket,3.147437,101.6180748
supermarket,3.0285555,101.7178006
supermarket,3.0323644,101.5372217
supermarket,3.1345224,101.6229011
supermarket,3.1639462,101.5141266
supermarket,3.1734895,101.5107532
supermarket,3.1179319,101.6203017
supermarket,3.0390906,101.7925858
supermarket,2.9704905,101.7140744
supermarket,3.0202469,101.623538
supermarket,3.0670718,101.7856365
supermarket,3.0401136,101.6000045
supermarket,2.9632474,101.7330326
supermarket,2.9634488,101.73309
supermarket,2.9633859,101.7330739
supermarket,2.9633189,101.7330522
supermarket,2.9635942,101.7331334
supermarket,2.9635258,101.7331107
supermarket,3.0145597,101.7525677
supermarket,3.0225449,101.7587933
supermarket,3.2331659,101.4508147
supermarket,3.085763,101.4857825
supermarket,3.0763123,101.5503853
supermarket,3.0552585,101.5420468
supermarket,3.0811698,101.5595611
supermarket,2.8240467,101.534682
supermarket,2.8186851,101.4564275
supermarket,2.8143135,101.5027949
supermarket,2.8121611,101.4907229
supermarket,2.7902159,101.5102667
supermarket,2.8095338,101.5023389
supermarket,2.8002955,101.4932857
supermarket,3.0485086,101.4477653
supermarket,3.0621101,101.4812594
supermarket,3.0779536,101.5865224
supermarket,3.0638985,101.4631013
supermarket,3.1022203,101.5365006
supermarket,3.0100508,101.5578118
supermarket,2.9795423,101.6118795
supermarket,3.0228108,101.6759204
supermarket,3.0774423,101.6088831
supermarket,3.1108254,101.6038496
supermarket,3.0091306,101.7150155
supermarket,3.0297598,101.7744536
supermarket,3.0120772,101.7668861
supermarket,3.0071858,101.6668958
supermarket,2.9414863,101.6105737
supermarket,2.9415083,101.5873663
supermarket,3.0049208,101.5614517
supermarket,3.0106527,101.5651288
supermarket,3.0214952,101.5982771
supermarket,3.0254052,101.6283057
supermarket,3.5461387,101.6612479
supermarket,3.0637888,101.5264226
supermarket,3.0735267,101.7760202
supermarket,2.992305,101.6162982
supermarket,3.1177355,101.6357752
supermarket,3.3103726,101.4213868
supermarket,3.0503343,101.7645791
supermarket,3.0553951,101.7680986
supermarket,3.1291363,101.6350035
supermarket,2.9457368,101.7854257
supermarket,3.2073689,101.4749812
supermarket,3.1553165,101.5537037
supermarket,3.0657022,101.6019526
supermarket,3.2095225,101.5718538
supermarket,3.1903225,101.314486
supermarket,3.0719648,101.525286
supermarket,3.2456647,101.426117
supermarket,2.9198042,101.6362153
supermarket,3.0973234,101.5983431
supermarket,3.0761654,101.4889405
supermarket,2.9773116,101.5919514
supermarket,3.234561,101.4286782
supermarket,3.0077236,101.4141002
supermarket,3.0102039,101.4183488
supermarket,3.2452092,101.4266534
supermarket,3.2457819,101.4270752
supermarket,3.0984143,101.5566033
supermarket,3.2323987,101.4150232
supermarket,3.232332,101.4133929
supermarket,3.2571872,101.3071382
supermarket,3.0539666,101.7376428
supermarket,3.1016607,101.6537236
supermarket,3.0247745,101.7166799
supermarket,3.2421819,101.4753817
supermarket,3.3493345,101.25209
supermarket,3.2611422,101.3097384
supermarket,3.3648039,101.2451003
supermarket,3.4238876,101.1719578
supermarket,3.0169556,101.7042694
supermarket,3.0173618,101.7026113
supermarket,3.1303806,101.6274014
supermarket,3.2407499,101.4328192
supermarket,2.9824483,101.6672687
supermarket,3.1999839,101.4833463
supermarket,3.1529299,101.5486825
supermarket,3.2390254,101.4468025
supermarket,3.181463,101.5420554
supermarket,3.1883913,101.5218042
supermarket,3.1982815,101.5908848
supermarket,2.8390689,101.7010389
supermarket,2.9526158,101.5527964
supermarket,2.7321273,101.4543985
supermarket,2.8149714,101.5075563
supermarket,3.1143448,101.6114472
supermarket,3.2653829,101.6807289
supermarket,3.1980774,101.5967851
supermarket,3.1970091,101.5938145
supermarket,3.1980987,101.5958927
supermarket,3.2115135,101.748733
supermarket,3.1518612,101.5918932
supermarket,2.8243816,101.6922926
supermarket,2.8117759,101.7381458
supermarket,3.2358148,101.4891743
supermarket,3.1536013,101.5787557
supermarket,3.1536306,101.5787865
supermarket,3.1537899,101.5790993
supermarket,3.153773,101.5790585
supermarket,3.3211091,101.2711961
supermarket,2.9745784,101.6553846
supermarket,3.3698822,101.5717543
supermarket,3.1036605,101.5933757
supermarket,2.8703837,101.8146906
supermarket,3.0094239,101.4665498
supermarket,3.0090585,101.4783336
supermarket,3.011346,101.4684538
supermarket,3.0422867,101.6236366
supermarket,3.1718834,101.7509571
supermarket,3.1194868,101.621898
supermarket,3.158509,101.6123911
supermarket,2.9873187,101.7911886
supermarket,3.1662428,101.570076
supermarket,3.0887093,101.7631289
supermarket,3.1619604,101.5116744
supermarket,3.1693441,101.4354639
supermarket,3.2395514,101.4472611
supermarket,3.1264837,101.6152749
supermarket,2.7475405,101.7133497
supermarket,2.7479325,101.7131703
supermarket,3.2069617,101.4739568
supermarket,3.2441367,101.4256073
supermarket,2.9425812,101.6205101
supermarket,2.9448785,101.6162477
supermarket,2.9448545,101.6160551
supermarket,3.2825219,101.5419694
supermarket,3.1612051,101.5125719
supermarket,3.1885878,101.5311288
supermarket,3.1885745,101.5327848
supermarket,3.2330539,101.4128805
supermarket,2.9536391,101.7538732
supermarket,3.2448246,101.4255288
supermarket,3.1770731,101.5482072
supermarket,3.1475552,101.5754822
supermarket,3.004072,101.4021299
supermarket,3.1607519,101.512675
supermarket,3.1768002,101.5483171
supermarket,3.1766705,101.548351
supermarket,3.1784245,101.5478801
supermarket,3.0526292,101.4629976
supermarket,3.7680294,100.9826923
supermarket,3.7610326,100.9655292
supermarket,3.7606012,100.9649695
supermarket,3.0729019,101.7629649
supermarket,3.0743413,101.7624963
supermarket,3.0796512,101.7643348
supermarket,3.3164344,101.5363706
supermarket,3.0491594,101.7719123
supermarket,3.0225541,101.7151984
supermarket,3.1515211,101.7605816
supermarket,3.5461073,101.6609061
supermarket,3.0723501,101.6036431
supermarket,2.9438849,101.769352
supermarket,3.113638,101.6398753
supermarket,3.0920428,101.6210174
supermarket,2.8247508,101.705093
supermarket,3.1823385,101.5096916
supermarket,3.1017445,101.5990165
supermarket,3.2337598,101.4144538
supermarket,3.0765678,101.6322095
supermarket,2.8274063,101.6927875
supermarket,3.2217517,101.6244813
supermarket,3.1291377,101.6348779
supermarket,3.0876096,101.4759607
supermarket,3.1203861,101.7621047
supermarket,3.1853753,101.5257849
supermarket,3.2091395,101.5650698
supermarket,3.1206137,101.770921
supermarket,3.2020206,101.6185626
supermarket,2.9981196,101.7488495
supermarket,3.1331745,101.7899999
supermarket,3.1055506,101.7533494
supermarket,3.2236037,101.7153634
supermarket,3.0973623,101.8004665
supermarket,3.0530941,101.5912967
supermarket,3.0618911,101.5956993
supermarket,3.0723903,101.6055236
supermarket,2.939204,101.4731383
supermarket,3.021291,101.466576
supermarket,3.1836069,101.758297
supermarket,3.1174388,101.5906164
supermarket,2.801439,101.6554711
supermarket,3.0258224,101.5424466
supermarket,2.9221437,101.6506471
supermarket,2.9157157,101.6492129
supermarket,3.0235772,101.4788491
supermarket,3.1357735,101.4178531
supermarket,3.2351701,101.6965777
supermarket,2.9732448,101.6577675
supermarket,2.9026852,101.7917934
supermarket,2.9574372,101.7902909
supermarket,3.0657596,101.4888515
supermarket,3.0751031,101.4849077
supermarket,3.0668088,101.4893438
supermarket,3.0678994,101.4888179
supermarket,3.0752955,101.485224
supermarket,3.0667181,101.4892073
supermarket,3.0759975,101.4968647
supermarket,3.0749383,101.4968672
supermarket,3.0750399,101.4854904
supermarket,3.0760317,101.4890247
supermarket,3.0817889,101.4923379
supermarket,3.0117321,101.4533388
supermarket,3.0664338,101.4898209
supermarket,3.3349167,101.5176382
supermarket,3.0495277,101.4898157
supermarket,3.0827758,101.5859327
supermarket,3.0597136,101.593388
supermarket,3.0047554,101.7170733
supermarket,3.2064338,101.7507306
supermarket,3.07537,101.5889214
supermarket,3.19794,101.609554
supermarket,3.3617066,101.304336
supermarket,2.931621,101.3153648
supermarket,2.9503885,101.3350076
supermarket,2.9784944,101.3485657
supermarket,2.9879261,101.4195496
supermarket,3.1436469,101.7735028
supermarket,2.998629,101.6766982
supermarket,3.1619102,101.7561067
supermarket,2.9531392,101.5524889
supermarket,3.3148214,101.4148101
supermarket,3.1346095,101.7413129
supermarket,3.2426071,101.6669217
supermarket,3.4274775,101.164355
supermarket,3.324295,101.5266879
supermarket,3.3317286,101.5349384
supermarket,3.3270932,101.5444463
supermarket,3.2118789,101.4552661
supermarket,3.1681696,101.6161948
supermarket,3.0887498,101.5455323
supermarket,3.0887033,101.546906
supermarket,3.0882463,101.546504
supermarket,3.0883959,101.5471591
supermarket,3.0819972,101.4928298
supermarket,3.0819447,101.4929479
supermarket,3.1503113,101.7619204
supermarket,3.0349643,101.5355581
supermarket,3.0307423,101.5378235
supermarket,3.2800174,101.5411741
supermarket,2.9608798,101.5172599
supermarket,3.0582506,101.5069622
supermarket,3.0583025,101.5067183
supermarket,3.0264795,101.5424639
supermarket,3.041625,101.6365117
supermarket,3.0689077,101.4904798
supermarket,3.0688122,101.4904642
supermarket,3.0686892,101.4904751
supermarket,3.0686012,101.4904947
supermarket,3.0685691,101.4905198
supermarket,3.0683157,101.4904611
supermarket,3.066372,101.4896087
supermarket,3.0663676,101.489749
supermarket,3.0663679,101.489627
supermarket,3.0663836,101.4896776
supermarket,3.1006114,101.4443791
supermarket,3.057847,101.4901903
supermarket,3.076441,101.5513327
supermarket,3.0663734,101.4900797
supermarket,3.0653911,101.4901444
supermarket,3.0651132,101.6090396
supermarket,3.0326677,101.5372591
supermarket,2.9009215,101.7813019
supermarket,2.900321,101.7922665
supermarket,3.0713056,101.508459
supermarket,3.2336862,101.6447338
supermarket,2.8193355,101.6945333
supermarket,3.3199246,101.5098227
supermarket,3.319659,101.5091616
supermarket,3.3188987,101.5094362
supermarket,3.0289056,101.7090252
supermarket,2.9438003,101.615255
supermarket,3.219587,101.6374243
supermarket,3.1587334,101.5734287
supermarket,2.9159335,101.8640402
supermarket,2.9433481,101.5883856
supermarket,2.9451964,101.5881144
supermarket,3.0068935,101.5693568
supermarket,2.9867012,101.443405
supermarket,2.9791247,101.430366
supermarket,3.0550441,101.7583231
supermarket,3.0550541,101.7586195
supermarket,3.0550632,101.75868
supermarket,2.9992557,101.6656275
supermarket,3.1329537107351673,101.45599864820903
supermarket,3.0451020437212613,101.51575087001561
supermarket,3.071946234246177,101.5386634342512
supermarket,3.0828061047020334,101.58800499882832
supermarket,3.1594621847628894,101.61302637150216
supermarket,3.0521407324632612,101.74688079903154
supermarket,2.9892222598368656,101.5726419281032
supermarket,3.0588644448649207,101.59490965829684
supermarket,3.04881331834493,101.75876233704338
supermarket,3.03486935624392,101.61569750129333
supermarket,3.30218070984881,101.59812610438281
supermarket,3.0328252789483465,101.76238125983663
supermarket,3.2009925055630304,101.5570333376245
supermarket,2.983616556336844,101.66330938282572
supermarket,3.1438423500000012,101.74161550000002
supermarket,3.0164994001865377,101.70430633268886
supermarket,3.0043549517718966,101.78619096842601
supermarket,3.0194140514193752,101.56128379645844
supermarket,3.0639107176957965,101.75562427191761
supermarket,3.026363035721288,101.54309037475545
supermarket,3.2025791241276336,101.48685439387005
supermarket,3.059015349300119,101.5965151712478
supermarket,3.049667061936707,101.6463938340405
supermarket,3.0566473424694514,101.59842295663647
supermarket,2.980250005626983,101.53334377508827
supermarket,3.3441037346611955,101.25557814572383
supermarket,3.237757434587402,101.44759685312506
supermarket,3.138131588433226,101.52965137788131
supermarket,3.0747613355354835,101.65048764951551
supermarket,3.0058733909561677,101.44092874763747
supermarket,2.9915625096557354,101.61466051064168
supermarket,3.1921728883926597,101.7702700332723
supermarket,3.009457313550167,101.4332884893208
supermarket,3.156205875997803,101.59655595308745
supermarket,3.0184380692843393,101.53739764314227
supermarket,2.9389264742113443,101.74571176003687
supermarket,3.207286469090559,101.75166947909534
supermarket,3.114892255044955,101.52641836099046
supermarket,3.67049707737822,100.98938208141375
supermarket,3.4601032657210666,101.6606524357015
supermarket,3.005729931678882,101.53755830367274
supermarket,2.9994505958036055,101.52866304823131
supermarket,2.9693404015164906,101.77385566479906
supermarket,2.9440188860090597,101.84509612651078
supermarket,2.982321921767785,101.61737933867579
supermarket,3.0800081326928517,101.63818898403655
supermarket,3.236576850489476,101.4283334335675
supermarket,3.067880419962355,101.76622710414495
supermarket,2.9370487028050767,101.85331237805102
supermarket,2.8818020616470204,101.79046147968116
supermarket,3.140509938738616,101.77917485294107
supermarket,2.930622373855383,101.85680510445096
supermarket,2.8773991999999993,101.50118195000002
supermarket,3.0134844774115623,101.4891380701629
supermarket,3.2265340000000005,101.45585404999999
supermarket,3.1073287267791665,101.4413643746689
supermarket,2.8229731374142975,101.69540290259911
supermarket,2.9667423507043775,101.78817105928633
supermarket,2.975428517132625,101.82493683050046
supermarket,3.319865246967187,101.27102949187392
supermarket,3.159196132817102,101.59215272491831
supermarket,2.926816094884634,101.85826941283342
supermarket,2.9939970000000002,101.6219181
supermarket,3.106945780092948,101.44475799943844
supermarket,3.4026780687477065,101.56032552226563
supermarket,3.3370143740534535,101.58066451660865
supermarket,3.0432619689735176,101.52574516417084
supermarket,2.813999970703843,101.50305645938896
supermarket,3.0822660890471694,101.40996795057532
supermarket,3.079212275051964,101.42142288606364
supermarket,3.134618755572313,101.38593434552222
supermarket,3.0951233035702495,101.48096339848796
supermarket,3.4125149837839293,101.55838185742184
supermarket,3.2354686396174626,101.48916553732127
supermarket,3.0839693844373572,101.54924346195573
supermarket,3.1184686219143973,101.57619801616033
supermarket,2.873857852164534,101.50226350230211
supermarket,3.0085915615592285,101.47968787402716
supermarket,3.068994676247561,101.43087156099016
supermarket,3.2269351527989425,101.45678531145012
supermarket,2.9458448825737933,101.84675806073615
supermarket,2.8116111298697057,101.50674520533839
supermarket,3.136167147948652,101.37187987410786
supermarket,2.9970532,101.67885634999999
supermarket,3.4158222000000005,101.58352225000002
supermarket,3.021679039570557,101.76503497751573
supermarket,2.9930072605957503,101.7600572465291
supermarket,3.0288904489441992,101.44070886909873
supermarket,3.035001150000001,101.5347815
supermarket,3.0138945999999995,101.55929054999999
supermarket,3.047922468291397,101.48883846539812
supermarket,3.2921234905351255,101.47746839922256
supermarket,2.9940104035405377,101.57494781294345
supermarket,2.9950620672775163,101.41882840999178
supermarket,3.006388724482364,101.39906146985533
supermarket,3.026456178436271,101.61831309414112
supermarket,2.9900463999999998,101.629938
supermarket,2.9896484,101.62979970000002
supermarket,2.9894361000000003,101.62972595000001
supermarket,3.010292473769023,101.4667535508666
supermarket,2.917501096113816,101.78776119305563
supermarket,2.9175164530490605,101.78783762779251
supermarket,2.9175730650115455,101.78794234101062
supermarket,2.917633330380331,101.78804116449264
supermarket,2.9176966172026573,101.78814457193253
supermarket,3.6164705127224024,101.42385553311297
supermarket,3.077644680853036,101.63106375387113
supermarket,3.129031348282637,101.7766496436535
supermarket,2.948446127761509,101.54989194918805
supermarket,2.8988055310526906,101.83368951830785
supermarket,2.902596980091638,101.78930253295005
supermarket,3.290291350177996,101.51385161044698
park,3.0235218,101.680048
park,2.9979729,101.5636313
park,2.9400043,101.8531303
park,2.939801,101.4218907
park,2.9443333,101.8750456
park,2.8203149,101.4695577
park,3.1015545,101.6034326
park,2.9689642,101.5896656
park,2.9700755,101.5902691
park,2.9856786,101.586951
park,3.1044282,101.4520112
park,3.1591038,101.5736314
park,2.9213978,101.7827405
park,2.9122827,101.7884053
park,3.0709404,101.6084031
park,3.2098344,101.494995
park,3.5053644,101.1182818
park,3.1777483,101.5440664
park,3.1778678,101.5440361
park,3.1780841,101.5439733
park,3.1780562,101.5434615
park,3.1778307,101.5434655
park,3.1778643,101.5438867
park,3.1779891,101.5442322
park,3.1778564,101.5436679
park,3.1783352,101.5435122
park,3.044298,101.5224804
park,3.3255928,101.528823
park,3.3313072,101.528127
park,3.3373332,101.5150604
park,3.0238931,101.5394679
park,3.0179723,101.5539342
park,3.0178656,101.5517892
park,3.3320539,101.5310347
park,3.3311811,101.5156934
park,3.116863,101.5213012
park,3.1017735459799134,101.53150634811401
park,3.0713696378697626,101.62277961621612
park,3.2272680928261157,101.56735969492694
park,3.1202826131322237,101.58470143628716
park,3.0727090542038202,101.56510482566179
park,3.102178113258617,101.45672192347583
park,3.1674065062012153,101.73628281199511
park,3.064291370050703,101.61683315544806
park,2.9416331453805906,101.53378726609385
park,2.979443775933911,101.69585646734436
park,2.910014786336576,101.83480191580476
park,3.223754734587013,101.45821402549419
park,3.0337055192882363,101.53950258622679
park,3.045602325245916,101.59206600844152
park,3.0753893264586805,101.54093530247876
park,3.23477844671828,101.4071892329039
park,3.1085899708937097,101.46269899352271
park,3.198661419055536,101.57884540515786
park,3.023346757716632,101.51480548225247
park,3.0216408727205293,101.52074788273681
park,3.0216372755042036,101.51859039563432
park,3.018039585567853,101.51016328001353
park,3.127850290633638,101.46987302307673
park,3.1268725207139774,101.45849401679754
park,3.0955529434095084,101.47957344963858
park,3.0982482805683316,101.47598817580072
park,3.045797938900124,101.55743160724955
park,3.055408294069664,101.570647258792
park,3.082071468517738,101.62375775904276
park,3.0915243489925186,101.6226800612815
park,3.089253051678066,101.62166781575951
park,3.1031855140227083,101.62558130037537
park,3.095742967779058,101.6281785259819
park,3.1080420949544925,101.64897915166127
park,3.1053832517370368,101.64974344312245
park,3.119009090729091,101.63488969179213
park,3.127438076238258,101.63818667150491
park,3.125545409904936,101.63107348202129
park,3.1282928884307575,101.62772889000772
park,3.116883135623679,101.62673657538892
park,3.113291077833771,101.62234176366461
park,3.1353522776621663,101.62332722091945
park,3.140324154283657,101.62167055466442
park,3.0942328864611657,101.59765651881553
park,3.091404928998584,101.64684103192685
park,3.2103098134991943,101.75876307490424
park,3.1891532761819112,101.52430489220691
park,3.1520055483841665,101.5897046909302
park,2.9515294292510554,101.54623222166333
park,2.887958381377263,101.61681359008739
park,3.6702797057024976,101.51495192250461
park,2.8346299397373658,101.41416541790464
park,3.0738876892037696,101.51811187191285
park,3.21865262915614,101.63785929499518
park,3.051106751279878,101.55872877070928
park,3.072031543851041,101.51416779757852
park,3.0471628469121654,101.52009953715668
park,3.0845529122633195,101.53884453836827
park,3.08543262756251,101.5077874201999
park,3.08516614397323,101.5038809281997
park,3.0423794628427294,101.50623807025505
park,3.055651996753562,101.53640325749765
park,3.1169655007451262,101.52821165198976
park,2.976607199561642,101.7218594239266
park,3.042344566666667,101.55070416666666
park,3.007848862093828,101.56356684540597
park,3.0508514065450805,101.55627520773365
park,3.0527157690421167,101.56221671297375
park,3.0099493062876324,101.78773116596265
park,2.99343225,101.44079699999999
park,3.075808689345424,101.51626782720197
park,3.0730086467628386,101.55988142419012
park,3.0725834323185297,101.56241992411485
park,3.0989302625756836,101.6193087878707
park,2.913406005619661,101.85839766004244
park,2.899112338531588,101.87195796824744
park,2.9082675969105747,101.86997283439409
park,2.900046769025687,101.87403965132262
park,3.012225755987862,101.80325782668803
park,3.0225694770808453,101.81009800785772
park,3.017158249795645,101.80622773991541
park,3.012689613103855,101.80019244595684
park,3.012730922083568,101.80508273019966
park,3.013316825061058,101.80191217275711
park,2.750298876372826,101.44335220234736
park,3.039274629858469,101.55159916119077
park,3.047204852488481,101.51661018193622
park,3.076317490951301,101.52021347937577
park,3.074900112076751,101.5225060601548
park,3.0764237404206853,101.52194101582725
park,3.0760856303559767,101.53643059485377
park,3.084686371606808,101.52510729677249
park,3.0897386868790897,101.5048570040521
park,3.0544803285431548,101.53133960894114
park,3.0560464685005027,101.53133339831851
park,3.0580011957022823,101.53439030779184
park,3.058083167314982,101.53576941924462
park,3.193102342914127,101.58941985722933
park,3.108782062301022,101.63483767156711
park,3.150033565640354,101.61408080737957
park,3.230578185054076,101.55373450797096
park,3.2493628500000002,101.56777085
park,3.24969504884637,101.56512893686156
park,3.217741628404835,101.56139082684759
park,3.1848845346684076,101.60989003119516
park,3.189105850000002,101.61414865
park,3.1894118370791964,101.6071861141892
park,3.1564358106388357,101.6143992078985
park,3.2258342131205566,101.55825164675048
park,3.2880225737930644,101.47608832782426
park,2.951050720479444,101.5865368704414
park,2.93025992428115,101.64404053538927
park,2.9382798126578353,101.64257828169968
park,3.060843599999999,101.75605275
park,3.04230395285576,101.58219715697392
park,3.093107555964008,101.64444923016438
park,2.9145272214434805,101.6292677259017
park,3.0994463666666663,101.6375746
park,2.9968927157018963,101.64657331362503
park,2.9875488666666663,101.6751049
park,2.9963465123843327,101.64066265443128
park,2.9894754957479908,101.62834250726053
park,2.9913910467624274,101.62940750478346
park,2.99248369579879,101.63499130579895
park,3.00304899499127,101.64120562652131
park,2.9906203792668933,101.63179844808283
park,2.9839729227792757,101.6771465346804
park,2.9903170393863765,101.63662979890192
park,2.999090236202025,101.64704611415809
park,3.0010755803550357,101.64369750109337
park,2.998761266410388,101.65354382591089
park,2.987734829695452,101.63206795950562
park,3.0034697399066483,101.63695633301013
park,3.003234208984682,101.64933066452278
park,2.981126516141299,101.67712439019773
park,3.002146958630477,101.64803482213503
park,3.0361026459422495,101.6566521846817
park,3.0520259228509823,101.64846169323275
park,3.1156964761939827,101.64566062845742
park,3.115112074536796,101.6248452637252
park,3.1163237172102045,101.62399160074241
park,3.107000379154104,101.62980963239895
park,2.99672162925566,101.44010017968887
park,2.9950588398323683,101.43784225626901
park,3.0993133653674567,101.59622942655136
park,3.1135841172961776,101.60901363269176
park,3.0523529552738826,101.78830987630292
park,3.0783382003211273,101.59146547124973
park,3.361788802971254,101.30158057208874
park,3.1816591240653374,101.6073136437835
park,3.0447715104139714,101.529959681125
park,3.061581987540137,101.75244458664181
park,3.0736877804669125,101.57612840459457
park,3.055520691320866,101.63058749886343
park,2.9950081043242505,101.5624932420699
park,2.9952958641855165,101.56802415155808
park,2.991651567589012,101.56801696565282
park,2.9876184579429896,101.56803489573524
park,3.0681769425763377,101.51737481983609
park,3.0191399470530818,101.61663738952541
park,3.0331550136218777,101.62523644920924
park,3.02893740730254,101.62431506431321
park,3.018325688793867,101.62664286885865
park,3.0366911730919854,101.61140688499718
park,3.143908066597357,101.81466153315179
park,3.064591390256089,101.61232904839922
park,3.054005153097585,101.62487529298582
park,3.0582793547346614,101.62401389961215
park,3.0580873590624877,101.62238815915019
park,3.0611550544609307,101.63255543046546
park,3.0672185275070905,101.63828535499123
park,3.0668962958794506,101.6368389533035
park,3.0287043868906833,101.5857436433728
park,3.025426498444657,101.58327016362374
park,3.0343449580342217,101.5794657722716
park,3.0349760045489558,101.57687706260097
park,3.035309196419041,101.58676961832231
park,3.0373286661100334,101.58494734143636
park,3.037130878921501,101.58206450836603
park,3.0174609040857727,101.58297098108689
park,3.012558987595132,101.58307292691931
park,3.0121779005709777,101.5816426563665
park,3.014468491606883,101.58147619191006
park,3.044863967307832,101.58658612068164
park,3.0434316796385206,101.58444660890747
park,3.039685828794742,101.59088818738068
park,3.039231341858112,101.59215297564857
park,3.0404186329170524,101.59210639541499
park,3.0431007294233994,101.57920614845737
park,3.0484117262776538,101.57520297309966
park,3.0484117262776538,101.57520297309966
park,3.0473859870842976,101.57739991054952
park,3.0474612679179316,101.5809957361654
park,3.050427652571106,101.5913439933854
park,3.055584329727055,101.59114270751598
park,3.0510925082398117,101.60497170191955
park,3.0539389109193515,101.60822493287748
park,3.0539478437481753,101.60293578401787
park,3.0537233481690755,101.5997591274132
park,2.9797341,101.5345151
park,2.9369679906028896,101.86445030131422
park,2.9297086789041744,101.86402244150538
park,2.9291398110147604,101.86028200304992
park,2.9365071624425503,101.86706141398241
park,3.040830906247436,101.78710385621565
park,3.051225535276571,101.80634970702135
park,3.0512624618750177,101.80865029103836
park,3.050671233333333,101.79778256666665
park,3.0439483305079262,101.78787296021677
park,3.0508595105555885,101.80581967097778
park,3.0496130220129687,101.79854402264628
park,3.047182525814002,101.78668347202118
park,3.037674918507544,101.79618200774028
park,3.052793860128851,101.80500836230766
park,3.049558615104104,101.80939821968677
park,3.0513740189664977,101.79841277473672
park,3.0474815773483175,101.78977014743822
park,3.039515578841064,101.79599101103993
park,3.039174427478203,101.80509208403804
park,3.0387249851931437,101.8044627955832
park,3.0377090086253595,101.80906501728607
park,3.0402628529440743,101.80537777139956
park,3.0546964117075404,101.79213671843257
park,3.049180254114295,101.78924380423662
park,3.0584391711392445,101.79254806932008
park,3.056135705721877,101.79181082060342
park,3.0473913764261167,101.79277143213814
park,3.036660602870417,101.79114105156114
park,3.0492763457535745,101.80465200955491
park,3.0578852464563586,101.78436345425526
park,3.0586021918225437,101.78826912650425
park,3.0638905190880408,101.79081752192283
park,3.063846995505464,101.7864703629846
park,3.0604255131508364,101.78398204968072
park,3.064369914950413,101.78653748140792
park,3.059873256988755,101.79278696194486
park,3.0595754782866207,101.78676403954724
park,3.0641089804483688,101.78566409771958
park,3.062559934678558,101.78782980940395
park,3.0629548253374033,101.79791457093387
park,3.061578771656348,101.79236616199637
park,3.060476419706411,101.7953810627481
park,3.063355159545577,101.79610499404912
park,3.063485886625672,101.79518750834465
park,3.034227572068016,101.6105267440308
park,3.0228793630824855,101.6071457082017
park,3.0661637395249492,101.79293871561636
park,3.0666203586738114,101.79228630368056
park,3.0676511372678132,101.78613688680916
park,3.03088629217826,101.78623761866739
park,3.053569942623538,101.63909434156504
park,3.037137552413738,101.6389651153207
park,3.035386423608887,101.64218202627801
park,3.0373710208072207,101.64377036687264
park,3.0432755824413062,101.63974136224641
park,2.942989541084543,101.87418807967668
park,3.0470346712141136,101.63887813722373
park,3.0567715149672043,101.63654192745273
park,3.0580247689030413,101.64228104511635
park,3.0586349611392483,101.64477913305167
park,3.0531419090351193,101.64523844630371
park,2.981253594914764,101.77899585564172
park,3.0441067118893055,101.76958933498418
park,3.035394353541257,101.75765859649489
park,3.0403765897589228,101.78927445176514
park,3.132884249996033,101.7547835111747
park,2.9490442305806237,101.87376978167798
park,2.9536293350639693,101.87659466679891
park,2.946189,101.86561495000002
park,3.0818746480410972,101.59589624957412
park,3.457798644379027,101.66541276944974
park,3.104361462299731,101.45400003410641
park,3.1053799524167984,101.44929079762119
park,3.2196177554157157,101.63190317166611
park,3.2207370192820313,101.63325975992436
park,2.998955469219393,101.44652797464832
park,3.0171586609914005,101.43465980284799
park,2.978168331841903,101.45521190386987
park,3.0192986679790748,101.6981547285299
park,3.1204467397547195,101.56909523682047
park,2.9106531472636834,101.65434818934159
park,2.9092693960220117,101.6554569495415
park,2.909622335003714,101.65469335279289
park,2.901273674212007,101.65156676186851
park,2.914150640766468,101.65833920494877
park,2.9075079504696517,101.65290235408946
park,2.911835769298709,101.66574937696917
park,2.907862627022107,101.66459666290936
park,2.9120105690066382,101.6682117603886
park,2.9134866693885955,101.66872418508315
park,2.9130185370282007,101.66966132250955
park,2.9099483899797094,101.66871694719126
park,2.9152938724847717,101.67053524766716
park,2.918722770052257,101.67217182671148
park,2.9238984160624915,101.67239215247125
park,2.924970541889566,101.6678203565832
park,2.928314939758896,101.65859954406133
park,2.9227572677855047,101.64939003475105
park,2.968932653919931,101.45504498615445
park,2.747984799619434,101.71360574598899
park,3.0112952011796996,101.67802401705183
park,2.9956631704904577,101.43059661444698
park,2.9975615874416497,101.43409553758319
park,3.0049402499999998,101.43406214999999
park,2.987584254540664,101.43125796007016
park,3.0363365810924527,101.44583710901274
park,3.052654230563459,101.62867174573813
park,3.2592946499999997,101.73671039999998
park,3.248970177761666,101.73428400507977
park,2.987475276380044,101.71131019349212
park,3.0657221492254254,101.5054374235566
park,3.6767448832442438,100.98740736407845
park,3.011929503141736,101.4943858193677
park,3.001195517388515,101.53734946243206
park,3.0005126869654304,101.46648279809192
park,2.9947125162396593,101.46625977300184
park,3.0024864896160013,101.46991483528824
park,3.015922065375858,101.51610728668139
park,3.0242905607762887,101.52016707714533
park,3.021495728136911,101.51624878299005
park,3.089430108785801,101.44308380018118
park,3.0879873974810956,101.44411594404046
park,3.0891641342495824,101.43757163459304
park,2.872849742961458,101.69615212613051
park,3.015014450432907,101.4795076922099
park,3.0170070483295275,101.47790233234589
park,3.019224241838186,101.48148709974623
park,3.038651975474402,101.73583985166644
park,3.0271900589090275,101.52024688651179
park,3.0269067644351595,101.51917825870258
park,3.025999142268616,101.5199628198029
park,3.026573107714348,101.52110959124813
park,3.0275329014102534,101.52120022866384
park,2.9411261762174163,101.54651745784376
park,3.0098753110802043,101.60746754434513
park,3.1904659968252695,101.59111567771319
park,3.197042379570515,101.58525748426555
park,3.04311756469772,101.80420331575817
park,3.0559472920358752,101.80115313630961
park,3.0565113120355973,101.78859023974545
park,3.1100844169157282,101.52828100723376
park,3.1059830525614003,101.52844692312442
park,3.1070701670628704,101.52972304902438
park,3.109441332109311,101.52880827571043
park,3.1077214165358757,101.53071533211194
park,3.1062319464413313,101.52756501200916
park,3.1071491120328503,101.5323809295871
park,3.108263505553805,101.53285760540115
park,3.2040532250003264,101.49117679411681
park,3.0990064965115014,101.5418784239694
park,3.09886161114325,101.52246895838651
park,3.0980869460144516,101.53143902720294
park,3.2258268310197318,101.61920197988933
park,3.0559989140538577,101.53226613852017
park,3.1040053990622125,101.52523841147867
park,3.1018672623809476,101.52710612631647
park,3.107304316613485,101.52477550942733
park,3.106611883488336,101.52314708902175
park,3.107928894671991,101.52247604942231
park,3.1015065923383407,101.52438256659511
park,3.109528752329419,101.5216898984099
park,3.112673510921181,101.5248600163985
park,3.1140643752244643,101.52466334888766
park,3.1133168175527564,101.52308208765847
park,3.122149725694556,101.52365343467372
park,3.122436593066487,101.52246020977196
park,3.118019792042728,101.61218154453316
park,3.006332050359506,101.69244113436915
park,3.0789627274758353,101.60747618417805
park,2.9942363145725834,101.52758281471452
park,2.9596823909936014,101.75878905821965
park,3.08064382953553,101.49792769083406
park,3.077146069269054,101.49208173012421
park,3.1802344986655333,101.58380179012204
park,2.8834920553643646,101.78491002473395
park,2.886264769002259,101.77467509254835
park,2.8868676280771295,101.77914210899658
park,2.8845309078659245,101.79059760720398
park,3.0546798428097386,101.52798740073192
park,3.05552441119477,101.53371420094317
park,3.0552680792808373,101.5348788808416
park,2.9693978134678676,101.81984556449048
park,2.948568934964669,101.77765501480053
park,3.076694850067421,101.52368892259196
park,3.0684716435646884,101.48637047256254
park,3.2488149909560553,101.55684431861881
park,3.0699748386162895,101.57436077647846
park,3.0699748386162895,101.57436077647846
park,3.1118398966639598,101.61711897047317
park,3.1104734747725815,101.60491168051519
park,3.112199221157532,101.5997783747876
park,3.116947964005069,101.60939608906817
park,3.1233842968989776,101.52579028359536
park,3.122080690761413,101.52498575160926
park,3.122066017885454,101.5265828020342
park,3.1203394094008847,101.52736740505914
park,3.1189276759721754,101.52844023330464
park,3.227376232181497,101.7026153098516
park,3.0522347309376086,101.6336317081002
park,2.9479422047364947,101.8612273778084
park,2.9890361446679545,101.80978682907667
park,3.151579292555194,101.77723990532795
park,3.0212024280505734,101.4482001200213
park,3.059042338047013,101.56484872700747
park,3.068519482103449,101.62990347896086
park,3.069205219751668,101.63406510347032
park,2.9602972036861237,101.74873311136693
park,3.127692995398907,101.74559452771499
park,3.12794175436381,101.74077548026234
park,3.1331896828923425,101.59471613518349
park,3.0353846545472334,101.64157264390778
park,3.044339511380932,101.60337239535788
park,3.043432990079885,101.64289124086739
park,3.060301458999479,101.5905072251439
park,3.059425689750649,101.58202527508973
park,3.0576025655071946,101.57587620202837
park,3.3204389704894988,101.50539554925138
park,3.3212059220918797,101.50344963078577
park,3.0650426397396253,101.4826179807907
park,3.049110576521033,101.52669715063554
park,3.0502962526342214,101.5257043528588
park,2.993581632854179,101.56289169863307
park,3.069202902700363,101.49118473519
park,3.06918169649086,101.4910514358963
park,3.0691325565046617,101.49058517015708
park,3.050844,101.5292367
park,3.046100622579426,101.52041394151301
park,3.0392563655019447,101.52663298107912
park,3.0408398408644817,101.52873838860795
park,3.0469369685553107,101.52196618408837
park,3.0740250406101546,101.518715650014
park,3.0797661636127422,101.52367741364189
park,3.543526488062231,101.67702819602292
park,3.0458552695007866,101.51855748703947
park,3.082546906773687,101.52396235903113
park,3.1295499577008563,101.74908902359245
park,3.1547656602302467,101.77289545961696
park,3.14535302243978,101.77347601558125
park,3.1502931935922707,101.76967646357163
park,3.1494758168683075,101.76817159932644
park,3.224672829560477,101.69991222272684
park,3.2248667225893475,101.7019633455886
park,3.224805805099732,101.69809626101471
park,3.2345885055598096,101.69800812232151
park,3.124531705799483,101.59658256370186
park,3.248586098238315,101.70345291286058
park,3.059444945049094,101.58615116520606
park,3.327002419308966,101.52512215869051
park,3.331736010686611,101.52398708114407
park,3.3279116881895776,101.52429271673171
park,3.327547422669859,101.52375960494386
park,3.3338721015742734,101.52506561033799
park,3.3266406546991805,101.53343554442023
park,3.3254806518413904,101.52863659331932
park,3.3303578901227917,101.52381930021102
park,3.2128631622185604,101.74924422622126
park,3.205580534790567,101.75305212250979
park,2.923409140315022,101.84272305503099
park,2.9355708848890303,101.86144252453965
park,2.9334227790642067,101.85936577503088
park,2.940071207659362,101.86272755815729
park,3.2108812210635067,101.74774550956155
park,3.22741628874975,101.74607623630612
park,2.9024053559862533,101.79702006265937
park,2.9003139778879636,101.79955936695322
park,2.8998221500000003,101.79769629999998
park,2.8972879250554864,101.79528706564656
park,3.2449109423564253,101.70083897328429
park,3.250592753034943,101.69431215365455
park,3.205966020207346,101.7787419939611
park,3.208012097344807,101.78057865110826
park,3.015777966619832,101.67188821693249
park,3.207703349999999,101.74810874999999
park,3.0793474859239938,101.61839859383969
park,3.137673629248405,101.76366125632941
park,3.0063817397204673,101.43893641815842
park,3.165668870586608,101.85068121883815
park,2.999184523932603,101.57014823235376
park,3.038382921175868,101.59018198598963
park,3.1986310055663925,101.75612046730215
park,3.0401114252534964,101.63862419746654
park,3.035544368937547,101.64732702533287
park,3.1104434500000013,101.54072055
park,3.232077798289789,101.69741822739088
park,2.985405855569703,101.66212210103994
park,3.102302594870386,101.44658095512206
park,3.112981600092318,101.46793251462421
park,2.987966703029054,101.66402480909194
park,2.9845050333333334,101.66147513333331
park,2.9851933845259664,101.66779950251491
park,3.1984351266093873,101.77279365607919
park,3.0855267751426703,101.432483809178
park,3.104555420463922,101.45219532059767
park,3.3361759932998116,101.25219063906914
park,2.90833845194661,101.83362702777312
park,2.9318323822331465,101.86007156968518
park,2.9347468645798314,101.85513014497069
park,2.975066869286451,101.80889776272927
park,3.0044949827831453,101.71419933924167
park,3.009193163399294,101.5674700111424
park,2.9725684067366047,101.81129398255503
park,2.965120088239954,101.79932073735728
park,3.1113383589025037,101.75981472789914
park,2.9738954070805628,101.59165245327098
park,3.2354130926619384,101.69964415956696
park,3.060177301110841,101.5806486457537
park,2.9745026072359257,101.58460139615305
park,2.9753753517895167,101.58425646610952
park,2.9814381874474702,101.61108837391227
park,2.9764636169297902,101.58953857013209
park,3.3366882734871153,101.52560875775333
park,3.340585905774343,101.52721988682903
park,3.158311678559366,101.60270112000995
park,2.8031271392470902,101.49487250323668
park,3.201592568075935,101.75555506934539
park,3.23021510723576,101.74746790167484
park,2.9386894736659595,101.79450557843604
park,3.0746769718172935,101.59993297448952
park,3.0756509941798824,101.60159392167648
park,3.0175705296617936,101.69768491396964
park,3.0174896742759896,101.69789903666185
park,3.0019837582752227,101.42278453687733
park,2.9137904629591,101.86784627487864
park,2.914193870884004,101.87029624236541
park,2.9795274692955127,101.64994204572059
park,2.9796370877381673,101.64909587430431
park,2.9793800842874734,101.6532432101083
park,3.2023889281879994,101.48217681139754
park,2.973281671527496,101.79971392745058
park,3.120872030332465,101.7500341508392
park,3.142181007176628,101.76087413428087
park,3.072944915604706,101.48322121647199
park,3.029246700292847,101.60636705441891
park,3.3263145345919645,101.5232906976745
park,3.3249366552304145,101.54336449650292
park,3.3289423963880624,101.5425419299938
park,3.0738906431669006,101.56531120617743
park,2.979340582009854,101.62905122755366
park,2.99710553837561,101.80897389073927
park,3.108512441614022,101.58060105742406
park,3.118009508239109,101.60624894252662
park,3.1293769827568907,101.7649338294039
park,3.0436828239133122,101.74781506785764
park,3.158727453858523,101.75465408818285
park,3.1537358396795563,101.77775208656152
park,3.0007513826868824,101.6612779586322
park,3.0139795990795677,101.4484800668624
park,2.990037193691907,101.52300910147018
park,2.99048262619255,101.52195630730947
park,3.0315921270734987,101.69919581281945
park,2.8325583530341762,101.70411015813373
park,3.0496511871353102,101.45360419339926
park,3.0964168627204294,101.52892637033275
park,3.1068994771892933,101.4771512726203
park,3.762387369959906,100.98230443770066
park,2.9444814490144684,101.53524650646827
park,2.9456815276204487,101.54126986292546
park,2.978189857781527,101.69414372403817
park,2.9927823872344104,101.70794189528179
park,2.9762582474759056,101.71076084140567
park,2.975530320194982,101.70993953439175
park,3.329441504016871,101.25446481577619
park,3.3415614349617195,101.24610343796355
park,3.3502403669985035,101.24082310106282
park,2.9481628993521327,101.5445731234452
park,2.942098465526194,101.54357503144752
park,2.9408555121030187,101.54176536624901
park,2.9379271164174856,101.53998435728857
park,2.9354724972565043,101.53677420388311
park,2.9331004781765055,101.53856893804112
park,2.933714867736072,101.54034639610478
park,2.933020495890096,101.5425353201365
park,2.933857644109989,101.54306580092577
park,2.934972185219277,101.54452127633294
park,2.935701470650918,101.54571806544243
park,2.936860093405495,101.54661504254935
park,3.0007688875218137,101.71342765205485
park,3.3106624744169513,101.45786348590504
park,3.311102372094039,101.27236536576828
park,3.3118314147203356,101.27014735511945
park,3.3281787078533127,101.25634941820701
park,3.3489900233720173,101.24666576904546
park,3.426068118136209,101.17292601991012
park,3.4182385132712616,101.18476640252854
park,3.408154806091857,101.19765166050394
park,3.3561037489657513,101.2500656762123
park,3.0811110300480045,101.51467026865704
park,3.003079678947817,101.7361930297871
park,3.00177221354487,101.73766301536942
park,3.00553274342391,101.73798656628061
park,2.9959562811084814,101.79266593899067
park,2.993049549537489,101.80402640980344
park,2.992361706798835,101.80477594914555
park,2.9971379802206437,101.80781582568885
park,3.3283358313740194,101.24693256597855
park,3.3257907299240457,101.24928568768979
park,2.977534095024696,101.44029568780313
park,3.337932073338177,101.24851802308918
park,3.3244235499999997,101.25922130000001
park,3.003392579687788,101.53157973328831
park,3.0005480874492405,101.53204842776078
park,2.943774756238578,101.5382023258479
park,3.2554690613471275,101.73187726013694
park,3.2555150988513044,101.73230709779574
park,3.0048141737568153,101.7063726202545
park,3.2586271174401724,101.66616016885182
park,2.9443761325612514,101.87432535346561
park,3.0328519403473164,101.58467632780584
park,2.972348266629004,101.51818549941477
park,3.0439551841538313,101.64767966983395
park,3.0410072,101.64839509999999
park,3.043960660094489,101.64811390312335
park,3.0046150496024784,101.71190862208206
park,3.006830593480527,101.70865606559634
park,3.005295625802684,101.71619539849475
park,3.136422000000002,101.6225762
park,3.136422000000002,101.6225762
park,3.241924475378035,101.48187788161628
park,3.1016265279246675,101.59137534052223
park,3.1350491395975673,101.62301548966114
park,3.327111038718003,101.58370656920087
park,3.181746,101.61176095
park,3.1811780333333335,101.61139659999999
park,3.06980343755374,101.44212595806732
park,3.0639871473201135,101.45022016544102
park,3.0692590121911003,101.44086223464207
park,3.0608734663344874,101.44851625745021
park,2.9878254300780065,101.43689336544656
park,2.985663720053883,101.6113356584486
park,2.98326,101.61229364999998
park,2.967177345168085,101.8081147469462
park,2.8110896504414216,101.74628289416523
park,2.811804851321738,101.73967220628782
park,2.801474044779893,101.75366041814942
park,2.8007015488095433,101.75311535422595
park,2.997723933117714,101.70071147476988
park,2.9853939822727518,101.81713388924851
park,3.1127867161391425,101.6138378605268
park,3.1015722144047815,101.6164349169165
park,2.9503876947021013,101.82389865409343
park,2.9499444333333336,101.82199553333334
park,3.0812031227119787,101.44153751477175
park,3.0663552368660385,101.44436593732723
park,2.9365593387500017,101.52831106083273
park,3.020414209870848,101.57533440483722
park,3.128307092974227,101.7538768244987
park,3.3551707127202652,101.25552586231737
park,2.99996443867758,101.72300474184013
park,3.4463836299765713,101.56088867509636
park,2.999570647901903,101.70922186629319
park,2.999612911663536,101.71531576931409
park,2.9762410804174615,101.44627992015687
park,2.9780558655754383,101.44760126791502
park,2.9778048601892424,101.44921475119047
park,2.972748400197701,101.45404676645376
park,2.807062590436478,101.49950887455505
park,2.817370078851297,101.50469465974076
park,2.815523529624993,101.50446130536827
park,3.096237326766492,101.46489843577596
park,2.802824330923683,101.75114560815808
park,2.8842858598246766,101.84741029337854
park,3.042852690328137,101.69832942739416
park,3.05690938846774,101.78143961141984
park,2.940058894553857,101.86477008500516
park,2.942789285589664,101.83700351594452
park,2.946287829622395,101.83768871775803
park,2.9487915826062165,101.8377620944796
park,2.9506403986736984,101.83789732655616
park,2.95339568301532,101.85095027293661
park,2.953181457639032,101.85187844057832
park,2.9565233250774123,101.85097992792217
park,2.927649488292075,101.85322662287044
park,3.091175792969063,101.46552716766985
park,3.0891220157775963,101.45814131634724
park,3.0847835526311234,101.44708971592443
park,3.0899051908745,101.42576585728156
park,3.204776133942103,101.77814821799481
park,2.982073705633617,101.78175791806622
park,3.0910134762154393,101.58249972309619
park,3.0890873870813804,101.58169566967223
park,3.08738924790509,101.58118039350416
park,3.087924978267512,101.58745330962263
park,3.0861490453719913,101.57878656299647
park,2.868741424024572,101.50052481561278
park,2.876641530857687,101.48678181113625
park,2.9910391458666528,101.80258654594411
park,2.9915111852373917,101.80471219220057
park,2.9899626679379656,101.81320290594567
park,2.991392466041314,101.81171105435388
park,2.9940438512670466,101.8156003367807
park,2.9954278699010928,101.81470774461894
park,2.987578969741055,101.8022721704886
park,2.996664833375662,101.80520726092406
park,2.9934520219098752,101.80197862945342
park,2.998052365373285,101.80397044274484
park,2.9997643620356187,101.80294605009341
park,2.9999618018577094,101.80441067437668
park,3.000909987278646,101.80489725493904
park,2.998716154381462,101.80610484085946
park,2.9989044497479966,101.80063755008085
park,2.9990113290769442,101.80125857259448
park,2.9969194683848746,101.79989064635497
park,3.0030624358146008,101.82839782622844
park,3.0025426272685696,101.82850570640919
park,3.2474586935371614,101.73805208092773
park,3.251651885108301,101.73145812955838
park,3.251833548754878,101.73078715610218
park,3.2507504995771392,101.73210291439496
park,3.090773974665572,101.62154035988029
park,2.872456413900302,101.48834659241396
park,3.034309062424777,101.6676769249643
park,2.9701898424408535,101.59042157014804
park,2.9761093074550864,101.59311930463379
park,2.9747404607298122,101.58866349616459
park,3.0574613047595616,101.76760528623596
park,3.019117527863662,101.60570905759229
park,3.017505180943849,101.60810907082544
park,3.014703874573448,101.60738505989862
park,3.0147932899670207,101.60946392486693
park,3.0117066576766978,101.60906585268697
park,3.012137381842653,101.60652513302153
park,3.0112114057724915,101.60491786912715
park,3.0118237746531604,101.60337079091786
park,3.0088266377405,101.60209340435115
park,3.1223833294781556,101.771070493219
park,2.9816912586639313,101.75724719372438
park,2.982221908779812,101.75876649232175
park,2.9823652088811152,101.79636444536061
park,2.981213240257808,101.80448416081398
park,2.87696959316589,101.48818991917754
park,3.138075649841329,101.7629936342216
park,3.1533162462414888,101.52420511798563
park,3.1543260291495616,101.52624220406813
park,3.185867949864007,101.6082614623981
park,3.0024453642627447,101.6233900554454
park,2.969436145083047,101.65209134029725
park,2.870529329557154,101.65708950185412
park,2.839759838247978,101.70701979007157
park,2.8546382778884185,101.70401267149313
park,2.8195035000846342,101.68467471146518
park,2.8282327148219557,101.70915634627316
park,2.8291704816106136,101.71987416336214
park,2.8085098805153055,101.4867361281358
park,3.306465222284191,101.50331044302263
park,3.3181776037385244,101.50433168197969
park,3.1387056909927273,101.626086601337
park,3.1098071556051097,101.60862826578823
park,3.0166588645673547,101.70594613616302
park,3.024769185487634,101.69384801631874
park,3.028761054955218,101.70529596413768
park,3.1523740778020715,101.6078244574296
park,3.0872927650482618,101.74592135126055
park,3.2132989569637362,101.61950239080566
park,3.2139578427640485,101.62756969546406
park,3.2151515736701173,101.63186310939297
park,3.2172351986364633,101.63448672910502
park,3.2229912709561246,101.63609555379799
park,3.2123871481898676,101.61794077400715
park,3.21108574749708,101.61454000143188
park,3.214515817018605,101.61508101741022
park,3.2154592268273854,101.61713198599668
park,2.946757121854928,101.53400719149755
park,3.1250220733371057,101.57937622904798
park,3.125659043648343,101.57256305329422
park,3.1235457146483956,101.5808129612595
park,3.0702449084654537,101.61424627508595
park,3.06636610945934,101.61471054602893
park,3.214048855032314,101.56714712556882
park,3.216266917267211,101.56385653811073
park,2.8078469530780024,101.74099617667639
park,2.9711511750422948,101.77161227045562
park,3.1580383191644192,101.58846795656157
park,3.158812342750895,101.58307652875203
park,3.1596253555199776,101.5854496012345
park,3.157174273303653,101.57537575067249
park,3.1753656396093985,101.57592433033268
park,3.0436004515860153,101.760623364321
park,3.0482951300205783,101.74160005109356
park,3.0453699160740855,101.73663731270379
park,3.0926630750277666,101.75147944290882
park,2.981028239298123,101.60603681733521
park,2.980733892648126,101.43683472598146
park,2.807846953078003,101.74099617667642
park,2.9880327919717704,101.79216601215475
park,2.960130527211253,101.75037761570626
park,2.858150867763804,101.64107339777104
park,3.102968950899023,101.5561911742776
park,3.1031555388757375,101.55234747130818
park,2.992278490368854,101.75808979627436
park,2.959251247569632,101.84140744561633
park,2.958827896237913,101.84309791100831
park,2.9600129089975358,101.84452988113252
park,2.819592989435257,101.55611343826395
park,2.930995095446339,101.89502669198492
park,2.9561364447936045,101.55600151758298
park,2.955636883475626,101.5521632630001
park,2.9359047890685357,101.52697301468883
park,3.097992070883046,101.47262807781881
park,3.084570951460249,101.47728852270451
park,3.172402849089951,101.50142185533616
park,3.212123505397277,101.49727123092069
park,3.1669524715980564,101.50468869152816
park,3.1876906354122134,101.52282116387812
park,3.1791904037071084,101.51500221510118
park,3.2113765440053634,101.46353385506286
park,3.1647017612369295,101.5055575626028
park,3.2819849549605444,101.54030569858428
park,3.28788130994132,101.53692682914476
park,2.993705956383342,101.5728935340951
park,3.187544856884065,101.52058366775658
park,3.190588858412479,101.51681898874143
park,3.179025278515128,101.76555125014359
park,3.151752917685051,101.75076525399832
park,2.9726871044605168,101.7688862824742
park,3.060326207504145,101.57817303727174
park,3.057128114863525,101.57311963798871
park,3.0623225045988556,101.57179531058404
park,3.05843432938571,101.5701698109544
park,3.045414255370567,101.57126653576778
park,3.0403049993852362,101.57270889192544
park,3.0330167844565676,101.57727484327607
park,3.033125253182272,101.57984137266283
park,3.0710527107960495,101.6130521248635
park,3.0740153856567716,101.61227011380012
park,3.0875577320209833,101.58458719627356
park,3.0939029735158714,101.58458174849697
park,3.09303917588331,101.57957102150633
park,2.999594572523936,101.57796723976408
park,3.2363245610961178,101.64332807660156
park,3.032966017409771,101.56205709578764
park,3.437805929251071,101.54755324227509
park,3.0920659659241103,101.54399472050643
park,3.422211565100327,101.55370704864002
park,3.421808034305343,101.55281583289143
park,3.4177570255543626,101.55287084957224
park,3.418369325577894,101.55109065275886
park,3.420506924998689,101.55103918806722
park,3.4318805039589435,101.56093134145756
park,3.0981614697481765,101.5517957320035
park,3.0985103646082393,101.53492739650368
park,3.1064227510115248,101.53659076474877
park,2.9609585536189043,101.46630050719675
park,2.959405576365933,101.46600379028824
park,3.105102575210451,101.52965855178213
park,3.1055727808847946,101.52955223976849
park,3.104214866178935,101.53096273176763
park,3.1119836943566694,101.52601486578544
park,3.1132314518736006,101.52977447231679
park,3.1544819868817067,101.51225317189024
park,3.1563055169109595,101.51198339123513
park,3.1575963500000004,101.51599530000001
park,3.166409006398523,101.50744410068961
park,3.166310752027712,101.50796800058359
park,3.1597444100983,101.50583157437855
park,3.1523016202241805,101.50667263443746
park,3.187239152250025,101.51963287526756
park,3.1042087000000014,101.60304355000001
park,3.027877070062611,101.74840137645695
park,3.0763068,101.61444889999999
park,3.290147495994825,101.50698889520442
park,3.2889534726093257,101.50917002143007
park,3.295887721279702,101.6437837681323
park,3.005882369272841,101.4245358727308
park,3.005585454733408,101.4267448247806
park,3.008474312650756,101.42792668643403
park,3.0074182191129073,101.42903271394141
park,3.0004754499999993,101.42826690000001
park,2.993412875166536,101.43171305491337
park,3.083089082635621,101.58428595193082
park,3.0205411096224917,101.42259243352053
park,3.022589309431604,101.42243700106333
park,3.021970908677026,101.42159801426867
park,3.043106706743986,101.44534260447773
park,3.1019413304285246,101.38380711658927
park,3.1002017343596644,101.38154970425776
park,3.0986769639841927,101.38117936474129
park,3.0986887761679967,101.38373778058262
park,3.1004323616725062,101.38719004166562
park,3.0960520344001643,101.37998010561589
park,2.9872016446443577,101.4198732956966
park,2.988448459932155,101.42209607351661
park,2.9872602196295324,101.42639802148689
park,3.1523863046233904,101.60652566284945
park,2.999250750000001,101.4387249
park,2.999189804585861,101.44050792548411
park,3.238551423051801,101.42802905015746
park,3.1388636692980127,101.74637499379257
park,3.041739931790277,101.6368755252095
park,3.43146033810123,101.56872880094
park,3.2371586684717593,101.4229151332534
park,3.316752818305863,101.50320845853075
park,3.319716796772045,101.50721424197145
park,3.4141778078956277,101.56682821047207
park,2.8767660312262477,101.50479232289985
park,2.877684652302247,101.50593658547427
park,3.0504282715197872,101.78410829864931
park,3.4370877009597605,101.54923047209199
park,3.2508902165576363,101.73131101255288
park,3.2514839241768674,101.73055751890688
park,3.253983007250911,101.72952076279618
park,3.2510851743428444,101.73556218107989
park,3.251860951769255,101.7326631538317
park,3.2517070158072223,101.73336214247325
park,3.2530103695050108,101.73115045901224
park,2.887640579668195,101.61462008042348
park,2.88537939840559,101.61705672968593
park,2.887416562099751,101.61180617916918
park,3.092657267923167,101.62223027507936
park,2.942770324059367,101.86840958228645
park,2.9231253482113906,101.89692637488636
park,2.9280713569898213,101.89743971242318
park,3.239091628253403,101.46365936934964
park,3.052640350631504,101.63574814373615
park,2.959340226850533,101.62428442663071
park,3.0172411216143655,101.62160324204338
park,2.9838913973633656,101.62919827964151
park,2.9816044912681683,101.62587488729149
park,2.9848454685396284,101.62587067407252
park,2.982768929443724,101.61364953924682
park,2.988454325105751,101.61812562188146
park,2.9857876661135694,101.61645949918788
park,2.9583300151647416,101.75180877092637
park,2.954667650000002,101.75336745
park,3.2111751500000003,101.46636374999999
park,3.04250720064263,101.70265633557302
park,3.044887138942769,101.70136428734173
park,3.027178273419672,101.69468856628238
park,3.0161146372997303,101.69345632418747
park,3.176988777112169,101.5624315044832
park,3.0469529786152516,101.44351547230004
park,2.9227314761266214,101.86521055666293
park,2.9237422811221196,101.86233281567381
park,2.6165156935349403,101.70363896289702
park,2.6512795138505427,101.72930686077522
park,3.2080227452720393,101.46248275653711
park,2.9924763479142515,101.61356235657628
park,3.0005822029883036,101.61596887908709
park,3.0661864730097284,101.55018970388493
park,3.0656070841621954,101.54911074312052
park,2.993965458928847,101.77607085726324
park,3.0275355304372877,101.7033796053722
park,3.0272951776909816,101.70178237085027
park,3.0187582721354778,101.70802880691689
park,3.0451984649320742,101.62816064573872
park,3.150323881620788,101.61607238221244
park,3.069092329628324,101.64650148215765
park,3.0667146669105776,101.64672400878682
park,3.021484160647227,101.7027464362015
park,2.826501515959796,101.71081231918937
park,3.0635228227501736,101.62839855130416
park,3.057358822307304,101.6286422059908
park,3.038795991183647,101.67662035684853
park,3.1156067960970155,101.54303875865135
park,3.1141438463570923,101.54394987887348
park,3.11350965989285,101.54087783082643
park,3.0280303859897484,101.67160636911481
park,3.026061934405633,101.66992930603354
park,3.021963169973499,101.67057317879346
park,3.0297337913470677,101.66669489369497
park,3.0442817264563806,101.66438403178763
park,3.043743983492033,101.66644106264448
park,3.038943750606252,101.67087430043472
park,3.023723435643282,101.72643568368582
park,3.0159918450487955,101.67407987062496
park,3.019859822024538,101.67079253033411
park,3.024856084656232,101.67839273109675
park,3.0240227364713164,101.68238436954029
park,2.984314983775324,101.60086032747476
park,2.9811464712838354,101.60055788700588
park,2.9920079499999996,101.60564285
park,2.989576027797871,101.60579466711722
park,2.9858831552899616,101.60438012535437
park,3.054643478826744,101.6577222717088
park,3.051625310193677,101.65883579282256
park,3.0509334,101.65497959999999
park,3.009184784197276,101.67309161169995
park,3.028259174793387,101.72462419564125
park,3.005213736938633,101.67961732269536
park,3.030512827748532,101.73257030872468
park,3.0273936869713345,101.73143479023922
park,2.969468942346044,101.62385945300979
park,3.0011331106911827,101.67449222126444
park,3.0014453488526085,101.669711652294
park,3.0380992977436474,101.64474952648644
park,3.1603523537388325,101.60519684246582
park,3.1596923682519837,101.60724141482035
park,2.9576293565496865,101.60571190628318
park,2.9586971104604616,101.60565591409195
park,2.958380527909975,101.60423889185914
park,2.9584189390614903,101.5987548589187
park,2.962050298555253,101.5973106083228
park,2.9853119762374143,101.6073002662133
park,3.005091044896009,101.59708291864979
park,3.006955268897584,101.59694074150038
park,3.054354449414342,101.44119341270597
park,3.0103271088750363,101.71688432338031
park,3.011947314118565,101.71876532148698
park,3.0149694602029875,101.71759025036893
park,2.9960856913018232,101.66145197448361
park,2.991789834085118,101.65928851785121
park,2.9792840881255582,101.67008442397149
park,2.977084742869481,101.67080172651842
park,2.9794173122107996,101.67868850714449
park,2.979005075036228,101.67720416952407
park,2.974601247354695,101.67879780868635
park,3.0020186955548334,101.65304094696954
park,2.9985092373062097,101.64946948211457
park,3.002060585867037,101.64974877362246
park,2.975822273726181,101.62768359163432
park,3.0614699411057322,101.635621409439
park,3.0642738549748794,101.63920949551687
park,3.0642320837570947,101.63724057544381
park,2.8448567259386697,101.6974882479552
park,2.846569826528156,101.70540742683163
park,2.8528920473987536,101.70365621232268
park,3.017664854250125,101.72745396784062
park,3.0678875740661153,101.64466931721785
park,3.016616948518283,101.75912804406288
park,3.260858147490661,101.45721589957732
park,3.095297723934665,101.43143438245745
park,3.097029167873818,101.426649597704
park,3.1241196587343323,101.47418916453566
park,2.9908791026363253,101.79069370423433
park,3.0270828334067184,101.7590089108676
park,3.006018753721265,101.75845639397168
park,3.010680529650977,101.75968544974187
park,3.009213954963537,101.76279423286309
park,3.0133258504892426,101.53452492139935
park,2.9267322895543932,101.80240629416579
park,2.8890890905203843,101.85353781693766
park,3.1709998273793936,101.74040771884307
park,3.1710674787354676,101.73618745315902
park,3.174291929613998,101.73739813551329
park,3.1745253687477737,101.74476982561931
park,3.1744299270612544,101.74156912952135
park,2.978911446970095,101.74196930098432
park,3.0575394534357963,101.47435209624403
park,2.942706548922865,101.84414617745368
park,2.9564990093416617,101.84143776423261
park,2.9563033460172186,101.84069051518797
park,3.0754876255984684,101.52360258545752
park,3.2865800160895513,101.6419275163159
park,3.257702962592932,101.51773416971587
park,3.251413644852155,101.69207818359259
park,2.9892337042592474,101.6311814137303
park,3.0469321475959688,101.77252075603329
park,2.9658823841296686,101.50890223591509
park,2.953213149999998,101.52418815
park,2.9960184662468827,101.49200170038351
park,3.0670999769607548,101.49313178297135
park,3.013992052485235,101.48136767454254
park,2.9623589409612454,101.55743231252526
park,2.9618953181516305,101.55757594419342
park,3.051786936725264,101.7319257171583
park,3.1809469332009335,101.51235697418655
park,3.0824192654084217,101.65205836310008
park,3.082343263950172,101.64768278895407
park,3.215880773986609,101.56187611349749
park,3.19471535722636,101.77504749501874
park,3.0294571260345653,101.38755709128002
park,3.017995384495492,101.45422888378761
park,3.1388622150268244,101.7834912835269
park,3.166755850038948,101.74836272457293
park,3.1722590296970736,101.74870190422092
park,3.1731967495925804,101.74658441995403
park,3.0060834900878683,101.48466472226578
park,3.004084089288695,101.48161702686022
park,3.008646153586582,101.48542098362992
park,3.245759448475137,101.47393981588533
park,3.3223385875117297,101.2726458125646
park,3.412982682979418,101.44822334315288
park,3.2593922500000003,101.30665245
park,3.2323951462369704,101.69345202516637
park,2.9944919958703737,101.48547979922463
park,2.995472278894732,101.48472640754059
park,2.9839793568300896,101.46290365286048
park,2.9885066236527846,101.46333417119274
park,2.987259805383565,101.46065688276806
park,2.9669715338867837,101.6410486282563
park,3.0836761325412616,101.43026189665605
park,3.082940721136763,101.42779256005275
park,3.0846860328710184,101.42732812235279
park,3.2023252512574123,101.56029180824115
park,3.0112197054115755,101.47998063037376
park,3.0129176889823297,101.47991887452247
park,2.995222375688599,101.4597015632967
park,2.980481431580268,101.79959605271273
park,3.1045137462739016,101.51883709894484
park,3.0391495937054858,101.8104608052331
park,3.036899052782188,101.80846069500444
park,3.0351043241452227,101.80717322174836
park,3.0355480365616807,101.80757263334701
park,3.034263421333975,101.80493269712755
park,3.0592570435296613,101.81236155193793
park,3.057823692842074,101.81247724652815
park,3.0573432619316097,101.80702336817411
park,3.3718352976653785,101.5708110535547
park,3.3732648534410425,101.56857759987965
park,3.0313421507594756,101.46909149923442
park,3.11809813061257,101.63629098456902
park,2.9579588386175977,101.46352244566062
park,3.5087095102939174,101.09898210873114
park,3.12503629450968,101.80982238608618
park,3.115365595558629,101.81118575143054
park,3.0210377071395857,101.4767735165879
park,3.059841496930548,101.48048172973269
park,3.0684099227742956,101.47952963560859
park,2.992673121153408,101.47157494138703
park,3.0207320500000003,101.47224549999999
park,2.9997980736149867,101.47425218583805
park,3.0513659962973434,101.73495815533929
park,3.2464161808164635,101.46357923137464
park,3.2619577415774748,101.44992146140497
park,3.263788441004282,101.44415824484796
park,2.810942919106419,101.73824388954907
park,3.1250219376055357,101.75812854927538
park,3.0616503387858396,101.79693004212125
park,3.0908053499999997,101.76006675
park,3.0391676710252864,101.73730210685412
park,2.9779557043688034,101.5891312796723
park,3.0357400405348485,101.50765870359474
park,3.1560023035407943,101.5736068715585
park,3.158357422192424,101.57319187676988
park,3.15507039829222,101.5739028814042
park,3.1539121388210996,101.57483509523688
park,3.1539121388210996,101.57483509523688
park,3.169471259994723,101.572598730024
park,3.124771202924891,101.61577083922616
park,3.01357983292145,101.50405683020034
park,3.0139143507058623,101.50253683275326
park,3.014915947057247,101.50251014314448
park,3.0131192652348586,101.50197036462536
park,3.013812471290462,101.50003323728353
park,3.050055914272397,101.54164422034432
park,3.042253830085906,101.51415182806414
park,3.0411766000000005,101.51623160000001
park,3.0371860835548685,101.51520432680455
park,3.0375763723526847,101.52171403492788
park,2.8228881420298118,101.72581712540973
park,3.1748436760233805,101.75161973883411
park,3.018828488127962,101.52825116611908
park,3.0202385357391264,101.53096179486006
park,2.813871975541024,101.50974946886555
park,2.988857083443035,101.5514177397556
park,2.984886530081359,101.55270228504627
park,3.00278954509029,101.52187113631655
park,3.132815974765483,101.45936481902024
park,3.0959222777743736,101.4791937550232
park,3.2019193389388305,101.54660039024895
park,3.3286083940396503,101.55212986266763
park,3.297929923401164,101.4384407908063
park,3.0803590158840026,101.61483484059777
park,3.080562445926077,101.62287658063663
park,3.0754634000000003,101.63111440000002
park,3.0712379145338677,101.61508038915318
park,2.906311131318377,101.76328054166662
park,3.130962168794287,101.62236240705519
park,3.073046520475622,101.63635228108978
park,3.0727086855600705,101.6394937016817
park,2.9680246814969538,101.56294206699796
park,2.967585517035648,101.5631239112947
park,3.15425675380573,101.75177066924884
park,3.14380037533792,101.61927209479815
park,2.9819854211480497,101.44321024382228
park,2.980863725657091,101.44806552100853
park,3.1391358770531514,101.73983749585454
park,3.134783514870142,101.73510550626067
park,3.0927105747290287,101.64295604715407
park,3.086289483062265,101.65271988861143
park,3.0689955418325496,101.7923528979762
park,3.075168622028361,101.76630191352224
park,3.0941794821517963,101.4887034109701
park,3.0000625278660804,101.66418821056308
park,3.097524236547855,101.51206506632639
park,3.3126570444459653,101.27461042542485
park,3.3135704297108735,101.27117034854307
park,2.9701561000000005,101.44735225
park,2.9592047947678424,101.51642487030365
park,3.1579464796444774,101.60708624665479
park,2.9591269749040654,101.45783718076338
park,3.363877951540565,101.61336441799423
park,3.194720402116776,101.60481802527461
park,3.044998715373585,101.43744931053911
park,3.044857399999999,101.43767204999999
park,3.0438006960557815,101.43634294833454
park,3.178856095564203,101.54039812229188
park,3.1784620562909613,101.54148379072612
park,2.958712603698817,101.4634626125544
park,3.176067632244661,101.55277357368722
park,2.917739338064488,101.62614695381244
park,2.9562950276795577,101.80436323856733
park,3.179694740922578,101.53665097064493
park,3.179690518551831,101.53767414257362
park,3.180677318096365,101.53767136754597
park,3.1837341618524304,101.5380051696679
park,3.1832145509014906,101.54108417623728
park,3.1829060219323195,101.54161377981362
park,3.1820647593570057,101.54224767394699
park,3.2298493005297555,101.4580726697088
park,3.218534374264376,101.48714954877168
park,2.9403314039111494,101.35535786932154
park,3.271038413980264,101.68206036963547
park,3.164266725014966,101.53835931625984
park,3.1642923364628968,101.53679977849146
park,3.166646623968091,101.53856344245614
park,3.1682465754445297,101.54195891535635
park,3.1735217525465638,101.54160737265711
park,3.047344986693761,101.76652312073284
park,3.323206308678156,101.27119047443853
park,2.962043574789582,101.78082720294906
park,2.963350160109994,101.78262595183507
park,3.0072592999999994,101.72083699999997
park,3.179837359898521,101.50978817955269
park,2.9891680000000003,101.7582605
park,2.9897853716375513,101.75958835633568
park,2.9899637709474756,101.76081478219552
park,3.235407355555412,101.69588399931831
park,2.9483182196404187,101.77297770174417
park,3.1412830672709404,101.743460400283
park,3.1792158908271446,101.60626052211786
park,3.251543624848124,101.7343881369532
park,3.2627875845963383,101.63259119669341
park,3.381701202505758,101.58365963910408
park,3.0905741272794813,101.50969772646017
park,3.0900011901839397,101.5082591441267
park,3.0829458540621544,101.37934836179716
park,3.1780472422908117,101.54346367845184
park,3.1701497444344118,101.53713852491003
park,3.299290397841577,101.61962702725359
park,2.919779501782612,101.7984332498492
park,2.8970176306828788,101.82986169141002
park,3.0399435966317827,101.70246917475704
park,3.3121498575646795,101.58145046596118
park,3.090452337090589,101.53025122394993
park,3.035691302273162,101.51899588903126
park,3.0429407936022095,101.52159025559492
park,3.0429407936022095,101.52159025559493
park,3.042820661407785,101.51411306525618
park,3.037389449536703,101.5188100531301
park,3.039788987021129,101.51558054167253
park,3.0362371040340568,101.51875375779198
park,2.9726479528653376,101.51791017399896
park,2.9726571972744895,101.51851520260666
park,3.007705038092842,101.54486694400356
park,3.06945786540261,101.51655954115789
park,3.0877268449810154,101.53119320566243
park,3.1172905275046965,101.4637358231887
park,3.0792638749995156,101.58860316553331
park,2.87624619786392,101.6198833718177
park,3.2001724322190164,101.7788548921823
park,3.033908929454774,101.67661110302572
park,3.013590912838349,101.6748003223362
park,3.195481561059267,101.77290362921653
park,2.8875806825404156,101.60650008901871
park,3.1221206936807717,101.74240623120875
park,3.3028140413231664,101.58579415436985
park,3.328455085063807,101.54834357193616
park,3.326771277442014,101.54651941560618
park,3.325932974191287,101.54425821706734
park,3.0841664572960794,101.5394907351219
park,3.031369358231727,101.53914319272266
park,3.0179672443552255,101.55394527840687
park,2.9602040801838707,101.65650853833108
park,3.0664327159664526,101.76564134716475
park,2.8845029473315797,101.60806128385063
park,2.9561510503426836,101.55484467769989
park,2.936091490973114,101.57873615817867
park,2.953863718774753,101.57914825741112
park,2.9344480745463,101.5806796785993
park,2.9357590207024464,101.5824066298331
park,3.117722978128854,101.75151895034173
park,3.1173645375981622,101.75503658892015
park,2.868538239478746,101.65034973134713
park,2.8784744093138506,101.6516306158351
park,2.874314087642938,101.6431200734673
park,2.9994674871175544,101.82159520733418
park,2.9563445099885395,101.85232778089022
park,3.0857774659420207,101.48845003146735
station,3.2087148,101.6285344
station,2.9395784,101.7877867
station,2.7525893,101.7056607
station,2.7474325,101.7128047
station,3.4685255,101.6377216
station,2.7547334,101.7046397
station,3.0339773007290174,101.42491964695458
station,3.1302260380441056,101.7389676427185
station,3.084457753612228,101.63229712782271
station,3.084512780864377,101.62195542500683
station,3.0831750464643983,101.61145801138011
station,3.0563650606982224,101.52535959154964
station,3.104354751329787,101.63773440895775
station,3.110693110810154,101.61271594915097
station,3.1124538938329733,101.60449794037075
station,3.104058763365297,101.64531549248282
station,3.2312175249250044,101.7244253476458
station,3.167250694176874,101.73531589417985
station,3.1757385861123435,101.73588601881981
station,3.1047016961281484,101.62318098740423
station,3.2582621347064626,101.55467858330728
station,3.0362550701482043,101.47030498821884
station,3.1347525243475878,101.74669195317139
station,2.825541726287427,101.71311394199861
station,2.999525701069363,101.39146639579991
station,3.0235343613434975,101.71593211859364
station,2.90399904797253,101.78610617868254
station,3.0130320304990788,101.40263212109674
station,3.0201476923894846,101.41025121349008
station,3.040861263271877,101.43210903502938
station,3.0524601277511434,101.49274271009459
station,3.075907501287626,101.55974754848471
station,3.0845892365616625,101.58746897422324
station,3.083469043366281,101.65648850895104
station,3.5532323703646194,101.63952825892775
station,3.3760358052939674,101.61451108837592
station,3.1384821223568125,101.75303175140469
station,3.1406127536969053,101.75659217606466
station,3.1503730937106225,101.76021539807181
station,3.050449771039053,101.64426462855583
station,2.9960479597121754,101.57557930530528
station,3.054663326421353,101.65653879212131
station,3.048141021119211,101.62107501149048
station,3.0332473723609636,101.61608375539693
station,3.0227217227811387,101.61353504904434
station,3.0169480803357938,101.6129343818266
station,2.999916922622969,101.5967246161802
station,3.0230244188777338,101.57210676445719
station,3.029733322040354,101.581808840821
station,3.0350524,101.58810419999999
station,3.047839155111561,101.59015332867763
station,3.0756958587738623,101.58617859827281
station,3.0078261174350454,101.60527810626323
station,3.0096033748247573,101.57211824768352
station,3.054808079187529,101.59197868458355
station,3.0670277896049414,101.5861899183164
station,3.0848859502090735,101.58728511621442
station,3.108411333607952,101.58660975743436
station,3.095847681286587,101.59033005301097
station,3.1120474960278277,101.59128632621943
station,3.318904467513965,101.57501872257052
station,3.318904467513965,101.57501872257052
station,3.206266798385187,101.58184102217349
station,3.197169122917861,101.57841020415206
station,3.149612987217381,101.59371734723743
station,3.155192305751832,101.60882312318873
station,3.146647055355343,101.61880972781127
station,3.1763112900326105,101.57240646415588
station,3.1698279176908755,101.56483519886326
station,3.150180618292162,101.57873901337761
station,3.500199632989897,101.63415537858555
station,3.0716134718620642,101.76347489197447
station,3.0621709118476095,101.77299797014004
station,3.048353915434504,101.77501439008132
station,3.041296099681387,101.77334446680393
station,3.0263934299377966,101.77109928717563
station,3.000839296136463,101.78412480718002
station,2.994055553384585,101.78619813717148
station,2.9830987927425463,101.79033078031124
station,3.2086534837906493,101.6284447094271
station,3.2076239767006354,101.62861491382726
station,3.1985406257672366,101.62113341501399
station,3.198228855449167,101.60841058126715
station,3.199754008309219,101.59290264177207
station,2.9652584025065494,101.65481421392697
station,2.9492343379336465,101.65749163702307
station,2.9625952924388135,101.79207150105525
station,2.9389942629063914,101.66560732950167
station,3.0084877113500297,101.70539107522903
station,2.960780029013373,101.34676636440147
station,3.028481148285282,101.70749780273825
station,3.0417138555579526,101.70491087590814
station,3.021552613020251,101.70893752809894
station,3.047496712752512,101.44759043993807
station,2.74452626161838,101.68518317926127
station,3.1449184562001635,101.61901143751324
station,3.059055990120862,101.45205860588887
station,3.0679437956728313,101.45085136596333
station,3.026848841947056,101.44241270900008
station,3.016040570752547,101.44075214517332
station,3.0054225324413935,101.4419083752083
station,2.993227225692031,101.44600049767985
station,2.9764188847081146,101.45935324510596
station,3.062679875369861,101.46592948179814
station,3.067452856397387,101.48702290310558
station,3.062781687907587,101.50116995057837
station,2.9893420631369287,101.67258469046095
station,2.983112067273733,101.66057733430188
station,3.2062440499999996,101.57999229999999
station,3.2378424011318385,101.68140149762444
station,3.0430927478309857,101.44967140757655
station,3.1334439698068888,101.60466664011535
station,3.1227737031283134,101.5942150447946
station,3.1349122000000005,101.6168038
station,3.106124273198596,101.59116500148903
station,3.095334347053048,101.58880221094498
station,3.0822887499999996,101.56197479999999
station,2.9826743419392776,101.79053011082519
